"analysis","method","outcome","axis","group","n_total","n_observed","pct","se","lo","hi","df","fmi"
"Main (flagged = missing)","CCA","sev_stunted","National","National",6682,6402,12.7215997776324,0.602916061326496,11.5838422133584,13.9534712683338,604,NA
"Main (flagged = missing)","CCA (outcome + covariates)","sev_stunted","National","National",6682,6402,12.7176666628197,0.607864908508637,11.5709638156933,13.9600696737886,604,NA
"Main (flagged = missing)","IPW","sev_stunted","National","National",6682,6402,12.7058438978902,0.60706097492143,11.560647167556,13.9465941182856,604,NA
"Main (flagged = missing)","MI-PMM","sev_stunted","National","National",6682,6402,12.7374809527066,0.59869017897509,11.607160412737,13.960489148916,563.998223992293,0.0360202832160744
"Main (flagged = missing)","MI-RF","sev_stunted","National","National",6682,6402,12.7010865597023,0.595180805036942,11.5772984548264,13.9167901287145,568.463540856395,0.0332493849394699
"Sensitivity (flagged excluded)","CCA","sev_stunted","National","National",6659,6402,12.7215997776324,0.602916061326496,11.5838422133584,13.9534712683338,604,NA
"Sensitivity (flagged excluded)","CCA (outcome + covariates)","sev_stunted","National","National",6659,6402,12.7176666628197,0.607864908508637,11.5709638156933,13.9600696737886,604,NA
"Sensitivity (flagged excluded)","IPW","sev_stunted","National","National",6659,6402,12.7062876036845,0.608039439130577,11.5593177366393,13.9491151348571,604,NA
"Sensitivity (flagged excluded)","MI-PMM","sev_stunted","National","National",6659,6402,12.7488702585955,0.596347121748952,11.622816906589,13.9667780292426,580.301977881338,0.0251803936114226
"Sensitivity (flagged excluded)","MI-RF","sev_stunted","National","National",6659,6402,12.7331425804456,0.596711556678744,11.6064751006072,13.9519157530854,575.696968174346,0.0284686393527363
"Main (flagged = missing)","CCA","sev_wasted","National","National",6682,6478,1.48357443142537,0.180286530973458,1.16812604697814,1.88258590782733,604,NA
"Main (flagged = missing)","CCA (outcome + covariates)","sev_wasted","National","National",6682,6478,1.42778085965045,0.177475662239632,1.11807264755925,1.82169832341476,604,NA
"Main (flagged = missing)","IPW","sev_wasted","National","National",6682,6478,1.51084795867494,0.187538377125757,1.18349863718908,1.92697469385211,604,NA
"Main (flagged = missing)","MI-PMM","sev_wasted","National","National",6682,6478,1.48607192701113,0.179105925586072,1.17236849417553,1.88211779994958,575.463230104781,0.0286298494563145
"Main (flagged = missing)","MI-RF","sev_wasted","National","National",6682,6478,1.49002650835049,0.181760917392401,1.17206736597249,1.89258996293085,540.547451581913,0.0491220824507944
"Sensitivity (flagged excluded)","CCA","sev_wasted","National","National",6656,6478,1.48357443142537,0.180286530973458,1.16812604697814,1.88258590782733,604,NA
"Sensitivity (flagged excluded)","CCA (outcome + covariates)","sev_wasted","National","National",6656,6478,1.42778085965045,0.177475662239632,1.11807264755925,1.82169832341476,604,NA
"Sensitivity (flagged excluded)","IPW","sev_wasted","National","National",6656,6478,1.50443847172693,0.185518891780202,1.18037055801044,1.91575361088877,604,NA
"Sensitivity (flagged excluded)","MI-PMM","sev_wasted","National","National",6656,6478,1.49172592894878,0.180525493801479,1.17568025280425,1.89110503646678,575.362553118889,0.0286991320647134
"Sensitivity (flagged excluded)","MI-RF","sev_wasted","National","National",6656,6478,1.48069156954714,0.179128180818427,1.16708663698861,1.8769641418794,578.565240912184,0.0264470630604953
"Main (flagged = missing)","CCA","stunted","National","National",6682,6402,39.8433515021559,0.922685850023396,38.0459470208173,41.6685594596044,604,NA
"Main (flagged = missing)","CCA (outcome + covariates)","stunted","National","National",6682,6402,39.722976317255,0.924689614482278,37.921880950692,41.5523559106151,604,NA
"Main (flagged = missing)","IPW","stunted","National","National",6682,6402,39.8193780252517,0.930990095574672,38.0059726487928,41.6611617220359,604,NA
"Main (flagged = missing)","MI-PMM","stunted","National","National",6682,6402,39.8762417867059,0.906743328814755,38.1094925593679,41.6697512539923,588.446724435228,0.0186767262016661
"Main (flagged = missing)","MI-RF","stunted","National","National",6682,6402,39.876428530176,0.913245656175235,38.0969208143259,41.6830867947443,558.412599351727,0.0393349095844526
"Main (flagged = missing)","CCA","stunted","region","Alaotra Mangoro",258,250,44.8566853206067,3.64967081476521,37.8426449610256,52.0814651698455,604,NA
"Main (flagged = missing)","CCA (outcome + covariates)","stunted","region","Alaotra Mangoro",258,250,45.0153619396441,3.79013664637823,37.7358154073123,52.5147927286797,604,NA
"Main (flagged = missing)","IPW","stunted","region","Alaotra Mangoro",258,250,44.8232599376525,3.59699850226,37.9083108382751,51.9443490432479,604,NA
"Main (flagged = missing)","MI-PMM","stunted","region","Alaotra Mangoro",258,250,44.8063034953338,3.62351642290024,37.84124725912,51.9812644172636,566.405191456591,0.0345415120148751
"Main (flagged = missing)","MI-RF","stunted","region","Alaotra Mangoro",258,250,44.703237152631,3.56523856626651,37.8496387530295,51.7642246577978,586.215957932608,0.020567612985502
"Main (flagged = missing)","CCA","stunted","region","Amoron'i Mania",287,280,49.0588627987737,3.85701184477377,41.5627634633322,56.5975245642033,604,NA
"Main (flagged = missing)","CCA (outcome + covariates)","stunted","region","Amoron'i Mania",287,280,49.0017093290864,3.9304598499389,41.3668314630624,56.683444964388,604,NA
"Main (flagged = missing)","IPW","stunted","region","Amoron'i Mania",287,280,49.4753745889326,3.86462227579402,41.9553063252965,57.0192552827225,604,NA
"Main (flagged = missing)","MI-PMM","stunted","region","Amoron'i Mania",287,280,49.1450461584505,3.85131310841701,41.6573763120586,56.6712712564867,583.95371323168,0.0223934591977766
"Main (flagged = missing)","MI-RF","stunted","region","Amoron'i Mania",287,280,49.1453839247195,3.82739459945465,41.7036279524381,56.6252074285276,593.010101172704,0.0144460872836394
"Main (flagged = missing)","CCA","stunted","region","Analamanga (excl. Antananarivo)",223,217,48.3358917477175,4.18482935654275,40.2346662435719,56.52554100008,604,NA
"Main (flagged = missing)","CCA (outcome + covariates)","stunted","region","Analamanga (excl. Antananarivo)",223,217,48.2784115818759,4.14914498733482,40.2461862651471,56.4005956064868,604,NA
"Main (flagged = missing)","IPW","stunted","region","Analamanga (excl. Antananarivo)",223,217,48.2507795926712,4.23310327986819,40.0606077148371,56.5360261428232,604,NA
"Main (flagged = missing)","MI-PMM","stunted","region","Analamanga (excl. Antananarivo)",223,217,48.4058779510612,4.20867677000944,40.2569545357406,56.6404647618851,577.573172734854,0.0271556911262677
"Main (flagged = missing)","MI-RF","stunted","region","Analamanga (excl. Antananarivo)",223,217,48.2105814400867,4.20782410330051,40.0679669503673,56.4493538157207,559.395755555477,0.0387623088944923
"Main (flagged = missing)","CCA","stunted","region","Analanjirofo",294,287,36.1685234318317,4.14987058954949,28.474031101591,44.644465048035,604,NA
"Main (flagged = missing)","CCA (outcome + covariates)","stunted","region","Analanjirofo",294,287,36.2121149385319,4.18943644835419,28.4477193805685,44.7697351785714,604,NA
"Main (flagged = missing)","IPW","stunted","region","Analanjirofo",294,287,36.2828192481586,4.13645904413122,28.6079738486311,44.7267052656294,604,NA
"Main (flagged = missing)","MI-PMM","stunted","region","Analanjirofo",294,287,36.1615526870756,4.12194400077286,28.5154297287602,44.5793375779224,593.435516939807,0.0140205288799407
"Main (flagged = missing)","MI-RF","stunted","region","Analanjirofo",294,287,36.209625098702,4.04237246826569,28.7001539694717,44.4587792622545,589.612454202223,0.017647081784649
"Main (flagged = missing)","CCA","stunted","region","Androy",476,429,45.3044676681306,2.44858917720704,40.5538735043692,50.1421598162624,604,NA
"Main (flagged = missing)","CCA (outcome + covariates)","stunted","region","Androy",476,429,45.7434253324704,2.54712208060315,40.8002651331102,50.7718455551368,604,NA
"Main (flagged = missing)","IPW","stunted","region","Androy",476,429,43.7376432803761,2.623289922261,38.6706919461781,48.9387274531577,604,NA
"Main (flagged = missing)","MI-PMM","stunted","region","Androy",476,429,45.1800031534547,2.42560810298802,40.4702916591507,49.9776604290266,416.855468708849,0.106398474606011
"Main (flagged = missing)","MI-RF","stunted","region","Androy",476,429,45.3195549262498,2.47871719778455,40.5075360614759,50.2206621578664,433.920418448394,0.0986530880663392
"Main (flagged = missing)","CCA","stunted","region","Anosy",333,327,46.8356285585511,4.31858376554678,38.5241506412287,55.326476444092,604,NA
"Main (flagged = missing)","CCA (outcome + covariates)","stunted","region","Anosy",333,327,46.7303157037194,4.25321737280905,38.5439096770902,55.0966441022117,604,NA
"Main (flagged = missing)","IPW","stunted","region","Anosy",333,327,46.9182082276099,4.34082124370489,38.5628351738482,55.4500032038988,604,NA
"Main (flagged = missing)","MI-PMM","stunted","region","Anosy",333,327,46.7279745716841,4.2528344115255,38.5421669370582,55.0938107592249,597.197518173923,0.00993404995557648
"Main (flagged = missing)","MI-RF","stunted","region","Anosy",333,327,46.7892046604676,4.29031372221135,38.5316501780283,55.2264598723524,596.710457099304,0.0105016578894062
"Main (flagged = missing)","CCA","stunted","region","Antananarivo",319,300,44.0438540261999,2.55551477047288,39.1020855869709,49.1065503594513,604,NA
"Main (flagged = missing)","CCA (outcome + covariates)","stunted","region","Antananarivo",319,300,43.4494350733858,2.67125734255206,38.2950099695111,48.7495237778902,604,NA
"Main (flagged = missing)","IPW","stunted","region","Antananarivo",319,300,44.4147966330138,2.55335367546817,39.4733026029958,49.4693012105992,604,NA
"Main (flagged = missing)","MI-PMM","stunted","region","Antananarivo",319,300,44.2055535397403,2.55205584619874,39.267321697107,49.2610893800001,530.018133952135,0.0544864944628834
"Main (flagged = missing)","MI-RF","stunted","region","Antananarivo",319,300,43.5291230128722,2.67588812808566,38.3616075931195,48.8411596231346,451.387387000814,0.0908071629755178
"Main (flagged = missing)","CCA","stunted","region","Atsimo Andrefana",387,363,26.7291921826937,3.33296128811183,20.7078520395566,33.7560209826313,604,NA
"Main (flagged = missing)","CCA (outcome + covariates)","stunted","region","Atsimo Andrefana",387,363,26.5229138090725,3.22243112629174,20.6902248768736,33.3092945879294,604,NA
"Main (flagged = missing)","IPW","stunted","region","Atsimo Andrefana",387,363,27.095775595558,3.48521992033544,20.8125396964903,34.4506546819423,604,NA
"Main (flagged = missing)","MI-PMM","stunted","region","Atsimo Andrefana",387,363,26.8680801109256,3.24583359328774,20.9861242907891,33.6955793706536,585.707528998932,0.0209854537730103
"Main (flagged = missing)","MI-RF","stunted","region","Atsimo Andrefana",387,363,27.0815975060523,3.31262299885787,21.081118810709,34.0530618781497,515.587969309872,0.0615207650594644
"Main (flagged = missing)","CCA","stunted","region","Atsimo Atsinanana",376,366,48.4892815204327,2.7867696213744,43.056053023081,53.9584559645169,604,NA
"Main (flagged = missing)","CCA (outcome + covariates)","stunted","region","Atsimo Atsinanana",376,366,48.2643797678642,2.79689704165732,42.8143235520249,53.7560436386861,604,NA
"Main (flagged = missing)","IPW","stunted","region","Atsimo Atsinanana",376,366,48.5239332006364,2.78859432508492,43.08677449451,53.9962575443106,604,NA
"Main (flagged = missing)","MI-PMM","stunted","region","Atsimo Atsinanana",376,366,48.4387893917525,2.78989614694852,42.9998421022785,53.9149731048435,588.015488536608,0.0190500338657994
"Main (flagged = missing)","MI-RF","stunted","region","Atsimo Atsinanana",376,366,48.3691579940498,2.79358821791514,42.9240235817855,53.8532938749744,593.168006966876,0.0142888566754088
"Main (flagged = missing)","CCA","stunted","region","Atsinanana",272,259,37.6106130237504,3.44375101049597,31.123911133988,44.5743201189741,604,NA
"Main (flagged = missing)","CCA (outcome + covariates)","stunted","region","Atsinanana",272,259,36.9678201494976,3.42220160814477,30.533368227577,43.9012985849436,604,NA
"Main (flagged = missing)","IPW","stunted","region","Atsinanana",272,259,38.3300178474301,3.68932559620044,31.387174888643,45.7838406251093,604,NA
"Main (flagged = missing)","MI-PMM","stunted","region","Atsinanana",272,259,38.1053441983435,3.4195298690001,31.6512306813592,45.0088760282856,575.351436288941,0.0287067766263968
"Main (flagged = missing)","MI-RF","stunted","region","Atsinanana",272,259,37.9628078733396,3.44334246592611,31.4690239119319,44.9183032710688,585.582223382009,0.0210877393712779
"Main (flagged = missing)","CCA","stunted","region","Betsiboka",271,261,29.5780116752149,3.16518777510009,23.7596225692071,36.1457209879948,604,NA
"Main (flagged = missing)","CCA (outcome + covariates)","stunted","region","Betsiboka",271,261,29.8513544858299,3.12546567221647,24.0944226896499,36.3255324523141,604,NA
"Main (flagged = missing)","IPW","stunted","region","Betsiboka",271,261,29.3509999656875,3.24410864521727,23.4039095585663,36.097111279906,604,NA
"Main (flagged = missing)","MI-PMM","stunted","region","Betsiboka",271,261,29.6972306344872,3.14417113587646,23.9110323064568,36.2171527805502,559.19819389159,0.0388777202219991
"Main (flagged = missing)","MI-RF","stunted","region","Betsiboka",271,261,29.6681160045482,3.18510211254986,23.8120909215356,36.2785333136956,534.266165862937,0.0523500960269061
"Main (flagged = missing)","CCA","stunted","region","Boeny",221,217,28.8463468883381,3.70338316527007,22.1455205410763,36.6210072004322,604,NA
"Main (flagged = missing)","CCA (outcome + covariates)","stunted","region","Boeny",221,217,28.4008399688661,3.6659972330634,21.7768041221423,36.1096454130088,604,NA
"Main (flagged = missing)","IPW","stunted","region","Boeny",221,217,28.9667373161302,3.73198878263079,22.2146073928662,36.8002303477293,604,NA
"Main (flagged = missing)","MI-PMM","stunted","region","Boeny",221,217,28.6995237864406,3.68774718214815,22.0293496021732,36.4453077521663,597.496798401522,0.0095783804725054
"Main (flagged = missing)","MI-RF","stunted","region","Boeny",221,217,28.892841478035,3.67185457641887,22.2422883166367,36.5960483307975,592.997893335857,0.0144582077168161
"Main (flagged = missing)","CCA","stunted","region","Bongolava",325,314,37.5764197366998,3.74398386749856,30.5544762085335,45.1626446735492,604,NA
"Main (flagged = missing)","CCA (outcome + covariates)","stunted","region","Bongolava",325,314,37.5346023326501,3.81582609847473,30.3862609212045,45.2709853498824,604,NA
"Main (flagged = missing)","IPW","stunted","region","Bongolava",325,314,37.6104703216399,3.74632814672118,30.5835121632209,45.2006563374283,604,NA
"Main (flagged = missing)","MI-PMM","stunted","region","Bongolava",325,314,37.6766848696028,3.73614465098697,30.6658426702722,45.2444182437152,589.016188049051,0.018177590932215
"Main (flagged = missing)","MI-RF","stunted","region","Bongolava",325,314,37.608430814264,3.71039479434987,30.6452499010181,45.1243711889091,596.890779597875,0.0102930840169995
"Main (flagged = missing)","CCA","stunted","region","Diana",210,203,21.6853023064341,3.92059341953573,14.9633242165038,30.3492710623643,604,NA
"Main (flagged = missing)","CCA (outcome + covariates)","stunted","region","Diana",210,203,21.1795296354716,3.93623363881574,14.4648529642405,29.9208528416714,604,NA
"Main (flagged = missing)","IPW","stunted","region","Diana",210,203,21.790820358775,3.9061369862027,15.0840306536957,30.4116607534736,604,NA
"Main (flagged = missing)","MI-PMM","stunted","region","Diana",210,203,21.9170824459198,3.9287515967783,15.168972182598,30.5848452924377,571.598105473555,0.0312272591818241
"Main (flagged = missing)","MI-RF","stunted","region","Diana",210,203,21.7503488880838,3.89836583171072,15.0568450649464,30.3560586200647,578.353656079385,0.0265990734724151
"Main (flagged = missing)","CCA","stunted","region","Haute Matsiatra",259,250,49.2013260006176,3.74688304856188,41.9125374802855,56.524226651915,604,NA
"Main (flagged = missing)","CCA (outcome + covariates)","stunted","region","Haute Matsiatra",259,250,49.1866184514558,3.75691095452261,41.8789631242501,56.5291979379384,604,NA
"Main (flagged = missing)","IPW","stunted","region","Haute Matsiatra",259,250,49.0294937491163,3.75335741049533,41.7319985135209,56.3685865754161,604,NA
"Main (flagged = missing)","MI-PMM","stunted","region","Haute Matsiatra",259,250,49.5909911972575,3.70141705522661,42.3803822902059,56.818653918336,575.489838982712,0.0286115225883288
"Main (flagged = missing)","MI-RF","stunted","region","Haute Matsiatra",259,250,49.1106574587091,3.71523429727857,41.8834089972494,56.3752723890184,567.471672098911,0.0338753552849726
"Main (flagged = missing)","CCA","stunted","region","Ihorombe",322,318,32.6227372275052,3.56617842587677,26.0392510719786,39.9711643501605,604,NA
"Main (flagged = missing)","CCA (outcome + covariates)","stunted","region","Ihorombe",322,318,32.7359396261592,3.59630630319657,26.0975697163496,40.1456135594314,604,NA
"Main (flagged = missing)","IPW","stunted","region","Ihorombe",322,318,32.630219207426,3.55702575561898,26.0622861036549,39.9588083223031,604,NA
"Main (flagged = missing)","MI-PMM","stunted","region","Ihorombe",322,318,32.5430954728886,3.55999327804052,25.9722714015269,39.8807297117679,598.549671776272,0.00828087725421881
"Main (flagged = missing)","MI-RF","stunted","region","Ihorombe",322,318,32.6998750222406,3.5201286749599,26.1935904491237,39.9475539468846,598.890445090397,0.00784387315939107
"Main (flagged = missing)","CCA","stunted","region","Itasy",261,258,51.5699544723426,4.53683796214123,42.7042351073093,60.3379457236257,604,NA
"Main (flagged = missing)","CCA (outcome + covariates)","stunted","region","Itasy",261,258,51.526725838815,4.48266162185144,42.7665943740902,60.1940352709147,604,NA
"Main (flagged = missing)","IPW","stunted","region","Itasy",261,258,51.5678161398084,4.51889023542496,42.7366978423538,60.3020943751131,604,NA
"Main (flagged = missing)","MI-PMM","stunted","region","Itasy",261,258,51.3983937694716,4.47867028928492,42.649726088119,60.0622000958632,599.428633911281,0.0071345334959817
"Main (flagged = missing)","MI-RF","stunted","region","Itasy",261,258,51.4870581714361,4.51450690569252,42.6667050032762,60.2157393055794,598.071618513734,0.00887938768226203
"Main (flagged = missing)","CCA","stunted","region","Melaky",277,267,22.2811622844891,1.75867617955581,19.0184888328221,25.9243745470109,604,NA
"Main (flagged = missing)","CCA (outcome + covariates)","stunted","region","Melaky",277,267,22.0450674780516,1.70104433605752,18.8860004804207,25.5660025455632,604,NA
"Main (flagged = missing)","IPW","stunted","region","Melaky",277,267,22.466087792903,1.82410313889914,19.086980663656,26.2493490957324,604,NA
"Main (flagged = missing)","MI-PMM","stunted","region","Melaky",277,267,22.4633966831694,1.88230929442411,18.982501005108,26.3748010152328,547.156894014165,0.0456199967306064
"Main (flagged = missing)","MI-RF","stunted","region","Melaky",277,267,22.340690837332,1.79919531550326,19.0059255190276,26.0722212569024,546.900851089818,0.0457579468228742
"Main (flagged = missing)","CCA","stunted","region","Menabe",291,284,34.9326028698401,2.80199134187095,29.6483183907507,40.6149858482745,604,NA
"Main (flagged = missing)","CCA (outcome + covariates)","stunted","region","Menabe",291,284,34.1477968426782,2.94097866519017,28.6271097882447,40.134461087169,604,NA
"Main (flagged = missing)","IPW","stunted","region","Menabe",291,284,34.9897922313525,2.78151601333388,29.7415543159851,40.628596006487,604,NA
"Main (flagged = missing)","MI-PMM","stunted","region","Menabe",291,284,34.9462258384904,2.77240914468953,29.714693368907,40.5672006608681,581.817434081069,0.0240455582277467
"Main (flagged = missing)","MI-RF","stunted","region","Menabe",291,284,35.0360425154752,2.80705641690031,29.7404969156515,40.7279162591172,573.605743005958,0.0298936405058469
"Main (flagged = missing)","CCA","stunted","region","Sava",232,210,30.9519851317778,3.45503874913968,24.6037857790096,38.110204124478,604,NA
"Main (flagged = missing)","CCA (outcome + covariates)","stunted","region","Sava",232,210,31.1597011010489,3.46553867593689,24.7879855902625,38.3344733913988,604,NA
"Main (flagged = missing)","IPW","stunted","region","Sava",232,210,31.2407408822377,3.60005711074376,24.6377827042945,38.7044699637409,604,NA
"Main (flagged = missing)","MI-PMM","stunted","region","Sava",232,210,31.2337765743364,3.58795627155481,24.6452752699065,38.6795164435514,399.031420027049,0.114632456883181
"Main (flagged = missing)","MI-RF","stunted","region","Sava",232,210,32.0094500982819,3.43592709803048,25.6621922624693,39.1008690070498,451.715344701889,0.0906602494764334
"Main (flagged = missing)","CCA","stunted","region","Sofia",225,218,28.1472860489946,4.12655146961314,20.7859844429019,36.9011325758992,604,NA
"Main (flagged = missing)","CCA (outcome + covariates)","stunted","region","Sofia",225,218,27.2967448445283,4.1339412535119,19.9613993995381,36.1114826807862,604,NA
"Main (flagged = missing)","IPW","stunted","region","Sofia",225,218,28.3947835986321,4.12766976412812,21.0210405415729,37.138789320977,604,NA
"Main (flagged = missing)","MI-PMM","stunted","region","Sofia",225,218,28.1145025565064,4.05083564339555,20.8756006474922,36.6993225070988,590.801861163413,0.016562977417344
"Main (flagged = missing)","MI-RF","stunted","region","Sofia",225,218,28.2845891067361,4.03019633759327,21.0717351406859,36.8147968798878,587.471949169722,0.0195150693289437
"Main (flagged = missing)","CCA","stunted","region","Vakinankaratra",274,263,51.9044385176005,4.39059990247787,43.3104844600702,60.3871641208075,604,NA
"Main (flagged = missing)","CCA (outcome + covariates)","stunted","region","Vakinankaratra",274,263,52.1361396688566,4.51124688419272,43.3021063831875,60.8385559710163,604,NA
"Main (flagged = missing)","IPW","stunted","region","Vakinankaratra",274,263,51.5633164205499,4.33245668913195,43.0914659085406,59.9462598290755,604,NA
"Main (flagged = missing)","MI-PMM","stunted","region","Vakinankaratra",274,263,51.7754966686281,4.32995944921224,43.3017755852197,60.1483148526173,582.396414763658,0.0236041293750532
"Main (flagged = missing)","MI-RF","stunted","region","Vakinankaratra",274,263,51.6419580360972,4.35010952485987,43.1335297749103,60.0562434730208,594.324339945282,0.0131103337068819
"Main (flagged = missing)","CCA","stunted","region","Vatovavy Fitovinany",289,261,45.7118833064362,3.74427417240113,38.5027778872595,53.1051857237439,604,NA
"Main (flagged = missing)","CCA (outcome + covariates)","stunted","region","Vatovavy Fitovinany",289,261,45.7680300171246,3.81549764701252,38.4242911628493,53.3003957588403,604,NA
"Main (flagged = missing)","IPW","stunted","region","Vatovavy Fitovinany",289,261,46.1888429145254,3.87735549583839,38.7196506987296,53.8331360389307,604,NA
"Main (flagged = missing)","MI-PMM","stunted","region","Vatovavy Fitovinany",289,261,45.7199675808309,3.62459345944309,38.7331882092092,52.8792828872608,526.390755862689,0.0562847359224275
"Main (flagged = missing)","MI-RF","stunted","region","Vatovavy Fitovinany",289,261,45.6949919062495,3.64886476803404,38.6620323438083,52.9038657200338,491.819172441235,0.0725974437164778
"Main (flagged = missing)","CCA","stunted","wealth","Middle",1324,1285,40.131079022041,1.84932707539668,36.5592712012218,43.8108629847368,604,NA
"Main (flagged = missing)","CCA (outcome + covariates)","stunted","wealth","Middle",1324,1285,39.7641767407243,1.84552732208552,36.2017197572885,43.4385089638188,604,NA
"Main (flagged = missing)","IPW","stunted","wealth","Middle",1324,1285,40.3298815895239,1.87053105770489,36.7166967146332,44.0511242634389,604,NA
"Main (flagged = missing)","MI-PMM","stunted","wealth","Middle",1324,1285,40.2076582266025,1.86764984907443,36.6001573475449,43.9243859556841,563.830850057293,0.0361219023662297
"Main (flagged = missing)","MI-RF","stunted","wealth","Middle",1324,1285,40.1125437081151,1.84754433114986,36.5438531711683,43.7892446765049,573.747806166617,0.0297980355468826
"Main (flagged = missing)","CCA","stunted","wealth","Poorer",1495,1424,43.3974265556176,1.61227726649864,40.2621006295819,46.5865040133183,604,NA
"Main (flagged = missing)","CCA (outcome + covariates)","stunted","wealth","Poorer",1495,1424,43.2090642134326,1.6188142129807,40.0619655502494,46.4119530822863,604,NA
"Main (flagged = missing)","IPW","stunted","wealth","Poorer",1495,1424,43.7485630855997,1.63742373664207,40.5633781229543,46.9861403198516,604,NA
"Main (flagged = missing)","MI-PMM","stunted","wealth","Poorer",1495,1424,43.3348699825889,1.59508824046155,40.2323687389248,46.4905191013246,559.503806712571,0.0386991123850183
"Main (flagged = missing)","MI-RF","stunted","wealth","Poorer",1495,1424,43.5173438202737,1.60131280482622,40.4019740242259,46.6847636152125,547.824715267868,0.0452592569256662
"Main (flagged = missing)","CCA","stunted","wealth","Poorest",1832,1749,42.7939026584341,1.55543959457994,39.7702859284699,45.8723167544161,604,NA
"Main (flagged = missing)","CCA (outcome + covariates)","stunted","wealth","Poorest",1832,1749,42.845479119027,1.57962055829494,39.7751959400812,45.9718508209283,604,NA
"Main (flagged = missing)","IPW","stunted","wealth","Poorest",1832,1749,42.3358152684253,1.56418757198841,39.2972210663864,45.4335102532999,604,NA
"Main (flagged = missing)","MI-PMM","stunted","wealth","Poorest",1832,1749,42.8467260122469,1.5338789523715,39.8639618412761,45.8823893241248,567.25619485383,0.0340105156064561
"Main (flagged = missing)","MI-RF","stunted","wealth","Poorest",1832,1749,42.766039863366,1.54239792499909,39.7671653593707,45.8190318047825,563.364475074049,0.0364042596219647
"Main (flagged = missing)","CCA","stunted","wealth","Richer",1024,986,39.3541770839253,2.02627429435483,35.4530578138183,43.3959592774081,604,NA
"Main (flagged = missing)","CCA (outcome + covariates)","stunted","wealth","Richer",1024,986,39.6591303549049,2.00891640621259,35.78857049466,43.6636442822916,604,NA
"Main (flagged = missing)","IPW","stunted","wealth","Richer",1024,986,39.1888567466271,2.04709026739482,35.2497571389344,43.273957265317,604,NA
"Main (flagged = missing)","MI-PMM","stunted","wealth","Richer",1024,986,39.2222814625292,2.0361230972609,35.3027240859538,43.2858596440723,544.097466540205,0.0472558719921508
"Main (flagged = missing)","MI-RF","stunted","wealth","Richer",1024,986,39.4114632854274,2.02377163611148,35.5138190865184,43.4486591185354,544.923419014799,0.0468168636997906
"Main (flagged = missing)","CCA","stunted","wealth","Richest",1007,958,29.9857386165925,2.29919968533831,25.6726186990571,34.6853324219918,604,NA
"Main (flagged = missing)","CCA (outcome + covariates)","stunted","wealth","Richest",1007,958,29.6251989444932,2.30237571666561,25.311095772504,34.3365692975703,604,NA
"Main (flagged = missing)","IPW","stunted","wealth","Richest",1007,958,30.04335966951,2.2845164697601,25.7557279272769,34.7110585238744,604,NA
"Main (flagged = missing)","MI-PMM","stunted","wealth","Richest",1007,958,30.2543835709234,2.24453141975463,26.0354381552933,34.8350086766485,585.325410342902,0.0212965343581398
"Main (flagged = missing)","MI-RF","stunted","wealth","Richest",1007,958,30.058278562899,2.23544573315183,25.8579825792712,34.6222509487992,585.01130372267,0.0215504038393358
"Sensitivity (flagged excluded)","CCA","stunted","National","National",6659,6402,39.8433515021559,0.922685850023396,38.0459470208173,41.6685594596044,604,NA
"Sensitivity (flagged excluded)","CCA (outcome + covariates)","stunted","National","National",6659,6402,39.722976317255,0.924689614482278,37.921880950692,41.5523559106151,604,NA
"Sensitivity (flagged excluded)","IPW","stunted","National","National",6659,6402,39.8134454485792,0.931107617835535,37.9998220795583,41.655472269151,604,NA
"Sensitivity (flagged excluded)","MI-PMM","stunted","National","National",6659,6402,39.8334323489302,0.907898640286937,38.0645159458096,41.6293002608878,589.058721983502,0.0181400195711151
"Sensitivity (flagged excluded)","MI-RF","stunted","National","National",6659,6402,39.8519504679796,0.912976972622684,38.0731600427011,41.6579417050349,583.186278095254,0.0229944607199664
"Sensitivity (flagged excluded)","CCA","stunted","region","Alaotra Mangoro",258,250,44.8566853206067,3.64967081476521,37.8426449610256,52.0814651698455,604,NA
"Sensitivity (flagged excluded)","CCA (outcome + covariates)","stunted","region","Alaotra Mangoro",258,250,45.0153619396441,3.79013664637823,37.7358154073123,52.5147927286797,604,NA
"Sensitivity (flagged excluded)","IPW","stunted","region","Alaotra Mangoro",258,250,44.8250049858171,3.59201494679205,37.9193359464727,51.9361799790771,604,NA
"Sensitivity (flagged excluded)","MI-PMM","stunted","region","Alaotra Mangoro",258,250,45.0901171321887,3.62832309883901,38.1099978836555,52.2689774357226,555.843091391463,0.0408116844426197
"Sensitivity (flagged excluded)","MI-RF","stunted","region","Alaotra Mangoro",258,250,44.892908700679,3.59078226248744,37.987522735408,52.000949157032,575.858222859142,0.0283571260865866
"Sensitivity (flagged excluded)","CCA","stunted","region","Amoron'i Mania",286,280,49.0588627987737,3.85701184477377,41.5627634633322,56.5975245642033,604,NA
"Sensitivity (flagged excluded)","CCA (outcome + covariates)","stunted","region","Amoron'i Mania",286,280,49.0017093290864,3.9304598499389,41.3668314630624,56.683444964388,604,NA
"Sensitivity (flagged excluded)","IPW","stunted","region","Amoron'i Mania",286,280,49.5868556376959,3.88264636060286,42.029755033522,57.1628804651486,604,NA
"Sensitivity (flagged excluded)","MI-PMM","stunted","region","Amoron'i Mania",286,280,49.1443244985927,3.84975933339634,41.6597828385443,56.6674218226242,589.525922189142,0.0177245872576352
"Sensitivity (flagged excluded)","MI-RF","stunted","region","Amoron'i Mania",286,280,48.9951525733202,3.82433927665562,41.5625670419078,56.4724320903143,592.861510176719,0.014593274830036
"Sensitivity (flagged excluded)","CCA","stunted","region","Analamanga (excl. Antananarivo)",221,217,48.3358917477175,4.18482935654275,40.2346662435719,56.52554100008,604,NA
"Sensitivity (flagged excluded)","CCA (outcome + covariates)","stunted","region","Analamanga (excl. Antananarivo)",221,217,48.2784115818759,4.14914498733482,40.2461862651471,56.4005956064868,604,NA
"Sensitivity (flagged excluded)","IPW","stunted","region","Analamanga (excl. Antananarivo)",221,217,48.2480808959766,4.22422026213252,40.0747596244696,56.5162318968169,604,NA
"Sensitivity (flagged excluded)","MI-PMM","stunted","region","Analamanga (excl. Antananarivo)",221,217,48.1895848537491,4.23227006529026,40.0021695062069,56.4753829797795,586.550183577955,0.0202904146848121
"Sensitivity (flagged excluded)","MI-RF","stunted","region","Analamanga (excl. Antananarivo)",221,217,48.2668377828704,4.14208456623178,40.2478141814621,56.3761339927864,587.053722333992,0.0198688804689422
"Sensitivity (flagged excluded)","CCA","stunted","region","Analanjirofo",294,287,36.1685234318317,4.14987058954949,28.474031101591,44.644465048035,604,NA
"Sensitivity (flagged excluded)","CCA (outcome + covariates)","stunted","region","Analanjirofo",294,287,36.2121149385319,4.18943644835419,28.4477193805685,44.7697351785714,604,NA
"Sensitivity (flagged excluded)","IPW","stunted","region","Analanjirofo",294,287,36.3642514191112,4.1429787236621,28.6755349434857,44.8190790304882,604,NA
"Sensitivity (flagged excluded)","MI-PMM","stunted","region","Analanjirofo",294,287,36.131500549978,4.06698988794253,28.5817454590304,44.434726533747,595.674574871362,0.0116667330303393
"Sensitivity (flagged excluded)","MI-RF","stunted","region","Analanjirofo",294,287,36.1844650047101,4.12457339347241,28.5331561602645,44.6068943348646,597.170311170604,0.00996611648017517
"Sensitivity (flagged excluded)","CCA","stunted","region","Androy",473,429,45.3044676681306,2.44858917720704,40.5538735043692,50.1421598162624,604,NA
"Sensitivity (flagged excluded)","CCA (outcome + covariates)","stunted","region","Androy",473,429,45.7434253324704,2.54712208060315,40.8002651331102,50.7718455551368,604,NA
"Sensitivity (flagged excluded)","IPW","stunted","region","Androy",473,429,43.2999553409373,2.73748423958997,38.0223156104537,48.7341295983433,604,NA
"Sensitivity (flagged excluded)","MI-PMM","stunted","region","Androy",473,429,45.1542139127512,2.48984761648861,40.3229585438651,50.0785719872136,448.385631741903,0.0921522384131499
"Sensitivity (flagged excluded)","MI-RF","stunted","region","Androy",473,429,45.6217473437636,2.49412357973209,40.7767053785247,50.5510878413696,414.089146725985,0.107665277328701
"Sensitivity (flagged excluded)","CCA","stunted","region","Anosy",332,327,46.8356285585511,4.31858376554678,38.5241506412287,55.326476444092,604,NA
"Sensitivity (flagged excluded)","CCA (outcome + covariates)","stunted","region","Anosy",332,327,46.7303157037194,4.25321737280905,38.5439096770902,55.0966441022117,604,NA
"Sensitivity (flagged excluded)","IPW","stunted","region","Anosy",332,327,46.9074946118129,4.33905121664572,38.5557350392533,55.4361524929859,604,NA
"Sensitivity (flagged excluded)","MI-PMM","stunted","region","Anosy",332,327,46.8011982921524,4.2892249418133,38.5453601303706,55.235970516429,597.366281149514,0.00973415776045888
"Sensitivity (flagged excluded)","MI-RF","stunted","region","Anosy",332,327,46.9700868541952,4.31237433618236,38.6662064034387,55.4451830179624,596.629125150796,0.0105951461495199
"Sensitivity (flagged excluded)","CCA","stunted","region","Antananarivo",318,300,44.0438540261999,2.55551477047288,39.1020855869709,49.1065503594513,604,NA
"Sensitivity (flagged excluded)","CCA (outcome + covariates)","stunted","region","Antananarivo",318,300,43.4494350733858,2.67125734255206,38.2950099695111,48.7495237778902,604,NA
"Sensitivity (flagged excluded)","IPW","stunted","region","Antananarivo",318,300,44.4939225233776,2.54475451441141,39.5679643710309,49.5305068541697,604,NA
"Sensitivity (flagged excluded)","MI-PMM","stunted","region","Antananarivo",318,300,44.0542629395743,2.60223342484437,39.0191116503002,49.2147822252724,410.971644593503,0.109097409169865
"Sensitivity (flagged excluded)","MI-RF","stunted","region","Antananarivo",318,300,43.5198390976054,2.62559353702637,38.4495824463946,48.7293668067825,532.534440943519,0.0532252111323266
"Sensitivity (flagged excluded)","CCA","stunted","region","Atsimo Andrefana",383,363,26.7291921826937,3.33296128811183,20.7078520395566,33.7560209826313,604,NA
"Sensitivity (flagged excluded)","CCA (outcome + covariates)","stunted","region","Atsimo Andrefana",383,363,26.5229138090725,3.22243112629174,20.6902248768736,33.3092945879294,604,NA
"Sensitivity (flagged excluded)","IPW","stunted","region","Atsimo Andrefana",383,363,27.1077251161065,3.50348080926264,20.7941832637091,34.5031507447083,604,NA
"Sensitivity (flagged excluded)","MI-PMM","stunted","region","Atsimo Andrefana",383,363,26.707640643269,3.27460158225278,20.7825458818114,33.6053725785087,569.38299159454,0.0326633504189576
"Sensitivity (flagged excluded)","MI-RF","stunted","region","Atsimo Andrefana",383,363,26.8352636737472,3.33099477435651,20.8129202120162,33.8551867120484,556.260115737936,0.0405738765157369
"Sensitivity (flagged excluded)","CCA","stunted","region","Atsimo Atsinanana",375,366,48.4892815204327,2.7867696213744,43.056053023081,53.9584559645169,604,NA
"Sensitivity (flagged excluded)","CCA (outcome + covariates)","stunted","region","Atsimo Atsinanana",375,366,48.2643797678642,2.79689704165732,42.8143235520249,53.7560436386861,604,NA
"Sensitivity (flagged excluded)","IPW","stunted","region","Atsimo Atsinanana",375,366,48.5159276416193,2.78714242787712,43.0816634923491,53.9855119708439,604,NA
"Sensitivity (flagged excluded)","MI-PMM","stunted","region","Atsimo Atsinanana",375,366,48.4883115170835,2.78101797537529,43.0659553136732,53.9464926579895,591.502349593328,0.0159070655955891
"Sensitivity (flagged excluded)","MI-RF","stunted","region","Atsimo Atsinanana",375,366,48.5140878664609,2.7838597083792,43.0859990885356,53.9774603832157,594.313422355293,0.0131216959088798
"Sensitivity (flagged excluded)","CCA","stunted","region","Atsinanana",270,259,37.6106130237504,3.44375101049597,31.123911133988,44.5743201189741,604,NA
"Sensitivity (flagged excluded)","CCA (outcome + covariates)","stunted","region","Atsinanana",270,259,36.9678201494976,3.42220160814477,30.533368227577,43.9012985849436,604,NA
"Sensitivity (flagged excluded)","IPW","stunted","region","Atsinanana",270,259,38.5126713450097,3.76502558038865,31.4300376682762,46.1179020636181,604,NA
"Sensitivity (flagged excluded)","MI-PMM","stunted","region","Atsinanana",270,259,37.8066378646794,3.41145482988782,31.3732827844024,44.6999381496625,577.699839885042,0.0270657884266966
"Sensitivity (flagged excluded)","MI-RF","stunted","region","Atsinanana",270,259,37.9763461196016,3.41750072451267,31.5285346869703,44.8785107388968,574.663492232887,0.0291776791282672
"Sensitivity (flagged excluded)","CCA","stunted","region","Betsiboka",270,261,29.5780116752149,3.16518777510009,23.7596225692071,36.1457209879948,604,NA
"Sensitivity (flagged excluded)","CCA (outcome + covariates)","stunted","region","Betsiboka",270,261,29.8513544858299,3.12546567221647,24.0944226896499,36.3255324523141,604,NA
"Sensitivity (flagged excluded)","IPW","stunted","region","Betsiboka",270,261,29.3909888959264,3.25309252430357,23.4276127873713,36.1555747751279,604,NA
"Sensitivity (flagged excluded)","MI-PMM","stunted","region","Betsiboka",270,261,30.0244880736751,3.1614367342584,24.2007716953886,36.5734384103038,552.88777401562,0.0424774999807519
"Sensitivity (flagged excluded)","MI-RF","stunted","region","Betsiboka",270,261,29.8795877252092,3.21894276570303,23.9598269308487,36.5587549776652,505.288526303059,0.0663806461411454
"Sensitivity (flagged excluded)","CCA","stunted","region","Boeny",221,217,28.8463468883381,3.70338316527007,22.1455205410763,36.6210072004322,604,NA
"Sensitivity (flagged excluded)","CCA (outcome + covariates)","stunted","region","Boeny",221,217,28.4008399688661,3.6659972330634,21.7768041221423,36.1096454130088,604,NA
"Sensitivity (flagged excluded)","IPW","stunted","region","Boeny",221,217,28.9739974270966,3.73159595910415,22.2222659985735,36.8063351213735,604,NA
"Sensitivity (flagged excluded)","MI-PMM","stunted","region","Boeny",221,217,28.7341721124667,3.7013904767708,22.0401621320698,36.5091644102862,589.59301520988,0.017664508542496
"Sensitivity (flagged excluded)","MI-RF","stunted","region","Boeny",221,217,28.9142154805239,3.67187711143456,22.2629945432313,36.6165491270726,597.032149279419,0.0101282868575101
"Sensitivity (flagged excluded)","CCA","stunted","region","Bongolava",325,314,37.5764197366998,3.74398386749856,30.5544762085335,45.1626446735492,604,NA
"Sensitivity (flagged excluded)","CCA (outcome + covariates)","stunted","region","Bongolava",325,314,37.5346023326501,3.81582609847473,30.3862609212045,45.2709853498824,604,NA
"Sensitivity (flagged excluded)","IPW","stunted","region","Bongolava",325,314,37.5852467109319,3.74332822178804,30.564247870901,45.169879138738,604,NA
"Sensitivity (flagged excluded)","MI-PMM","stunted","region","Bongolava",325,314,37.6622434677861,3.71188699225182,30.6950606742346,45.1799162975642,595.591206293081,0.0117581988225248
"Sensitivity (flagged excluded)","MI-RF","stunted","region","Bongolava",325,314,37.6205234412421,3.70604661457858,30.6645945793171,45.1273585893799,588.626618875079,0.018519820481468
"Sensitivity (flagged excluded)","CCA","stunted","region","Diana",210,203,21.6853023064341,3.92059341953573,14.9633242165038,30.3492710623643,604,NA
"Sensitivity (flagged excluded)","CCA (outcome + covariates)","stunted","region","Diana",210,203,21.1795296354716,3.93623363881574,14.4648529642405,29.9208528416714,604,NA
"Sensitivity (flagged excluded)","IPW","stunted","region","Diana",210,203,21.7373710405126,3.90116155026382,15.041001568145,30.3500109492762,604,NA
"Sensitivity (flagged excluded)","MI-PMM","stunted","region","Diana",210,203,21.8277217498296,3.87112757516961,15.1701909273028,30.361252017922,583.593705753512,0.0226764816913832
"Sensitivity (flagged excluded)","MI-RF","stunted","region","Diana",210,203,21.8570496211658,3.90342648440018,15.149950499777,30.4672745546415,578.39544244744,0.0265690908458624
"Sensitivity (flagged excluded)","CCA","stunted","region","Haute Matsiatra",259,250,49.2013260006176,3.74688304856188,41.9125374802855,56.524226651915,604,NA
"Sensitivity (flagged excluded)","CCA (outcome + covariates)","stunted","region","Haute Matsiatra",259,250,49.1866184514558,3.75691095452261,41.8789631242501,56.5291979379384,604,NA
"Sensitivity (flagged excluded)","IPW","stunted","region","Haute Matsiatra",259,250,49.0166528039218,3.7579010350749,41.7107508656225,56.3648037771234,604,NA
"Sensitivity (flagged excluded)","MI-PMM","stunted","region","Haute Matsiatra",259,250,49.44686996443,3.70808100821873,42.2264890729346,56.6903971028163,575.485695609192,0.0286143767644904
"Sensitivity (flagged excluded)","MI-RF","stunted","region","Haute Matsiatra",259,250,49.1527661623446,3.73994596131764,41.8773538484893,56.4642430425917,567.373938466585,0.033936695758756
"Sensitivity (flagged excluded)","CCA","stunted","region","Ihorombe",321,318,32.6227372275052,3.56617842587677,26.0392510719786,39.9711643501605,604,NA
"Sensitivity (flagged excluded)","CCA (outcome + covariates)","stunted","region","Ihorombe",321,318,32.7359396261592,3.59630630319657,26.0975697163496,40.1456135594314,604,NA
"Sensitivity (flagged excluded)","IPW","stunted","region","Ihorombe",321,318,32.6383097063609,3.55739225420992,26.0695300787388,39.9674489252061,604,NA
"Sensitivity (flagged excluded)","MI-PMM","stunted","region","Ihorombe",321,318,32.5670451156815,3.5475421769782,26.0170324177178,39.8772475484845,599.795459321992,0.00663641133077222
"Sensitivity (flagged excluded)","MI-RF","stunted","region","Ihorombe",321,318,32.716205884294,3.54086113229844,26.1737454509333,40.00779988606,599.241980573049,0.00738332852814134
"Sensitivity (flagged excluded)","CCA","stunted","region","Itasy",261,258,51.5699544723426,4.53683796214123,42.7042351073093,60.3379457236257,604,NA
"Sensitivity (flagged excluded)","CCA (outcome + covariates)","stunted","region","Itasy",261,258,51.526725838815,4.48266162185144,42.7665943740902,60.1940352709147,604,NA
"Sensitivity (flagged excluded)","IPW","stunted","region","Itasy",261,258,51.5646255349508,4.51608168651583,42.7390109187734,60.2937151553711,604,NA
"Sensitivity (flagged excluded)","MI-PMM","stunted","region","Itasy",261,258,51.6322398688303,4.50348661889854,42.8285889251435,60.3357310367936,597.501102029468,0.00957322602526578
"Sensitivity (flagged excluded)","MI-RF","stunted","region","Itasy",261,258,51.444856403469,4.50509301239863,42.6439215614469,60.1570887707841,598.366586209524,0.0085120368607548
"Sensitivity (flagged excluded)","CCA","stunted","region","Melaky",275,267,22.2811622844891,1.75867617955581,19.0184888328221,25.9243745470109,604,NA
"Sensitivity (flagged excluded)","CCA (outcome + covariates)","stunted","region","Melaky",275,267,22.0450674780516,1.70104433605752,18.8860004804207,25.5660025455632,604,NA
"Sensitivity (flagged excluded)","IPW","stunted","region","Melaky",275,267,22.4433067127766,1.82223231945405,19.0677524689621,26.2228143782278,604,NA
"Sensitivity (flagged excluded)","MI-PMM","stunted","region","Melaky",275,267,22.4380740665616,1.85223240028483,19.0098569437168,26.283893189002,556.372301313479,0.0405097821217998
"Sensitivity (flagged excluded)","MI-RF","stunted","region","Melaky",275,267,22.4522801905844,1.78123995931766,19.1477717317986,26.1426813988047,574.689114920491,0.0291602158025532
"Sensitivity (flagged excluded)","CCA","stunted","region","Menabe",289,284,34.9326028698401,2.80199134187095,29.6483183907507,40.6149858482745,604,NA
"Sensitivity (flagged excluded)","CCA (outcome + covariates)","stunted","region","Menabe",289,284,34.1477968426782,2.94097866519017,28.6271097882447,40.134461087169,604,NA
"Sensitivity (flagged excluded)","IPW","stunted","region","Menabe",289,284,34.9476404093804,2.78671731466644,29.6906609602828,40.5979548313527,604,NA
"Sensitivity (flagged excluded)","MI-PMM","stunted","region","Menabe",289,284,34.9044300200872,2.79421125485158,29.6341736770925,40.5715503594686,579.555627090709,0.0257289695575497
"Sensitivity (flagged excluded)","MI-RF","stunted","region","Menabe",289,284,34.931139653083,2.76875778167542,29.7065522963354,40.5445993487441,589.146435195419,0.0180624100947063
"Sensitivity (flagged excluded)","CCA","stunted","region","Sava",231,210,30.9519851317778,3.45503874913968,24.6037857790096,38.110204124478,604,NA
"Sensitivity (flagged excluded)","CCA (outcome + covariates)","stunted","region","Sava",231,210,31.1597011010489,3.46553867593689,24.7879855902625,38.3344733913988,604,NA
"Sensitivity (flagged excluded)","IPW","stunted","region","Sava",231,210,31.133004489322,3.55131488959188,24.6159207214222,38.4944245885777,604,NA
"Sensitivity (flagged excluded)","MI-PMM","stunted","region","Sava",231,210,31.141282070049,3.57426015805022,24.5778187775421,38.5613661898618,380.558130820112,0.123385434078838
"Sensitivity (flagged excluded)","MI-RF","stunted","region","Sava",231,210,31.2138799222977,3.63961450587801,24.537201026485,38.7738389289825,377.709981495896,0.124759056785629
"Sensitivity (flagged excluded)","CCA","stunted","region","Sofia",224,218,28.1472860489946,4.12655146961314,20.7859844429019,36.9011325758992,604,NA
"Sensitivity (flagged excluded)","CCA (outcome + covariates)","stunted","region","Sofia",224,218,27.2967448445283,4.1339412535119,19.9613993995381,36.1114826807862,604,NA
"Sensitivity (flagged excluded)","IPW","stunted","region","Sofia",224,218,28.3830437758889,4.11747172958899,21.0261591774006,37.1046353122095,604,NA
"Sensitivity (flagged excluded)","MI-PMM","stunted","region","Sofia",224,218,28.1561804998614,4.01911707098093,20.9664677136933,36.6675058358542,588.513338412961,0.0186187067392943
"Sensitivity (flagged excluded)","MI-RF","stunted","region","Sofia",224,218,28.2801669520388,4.08847617485333,20.9739023035041,36.9418113349738,591.791637298156,0.0156321369563858
"Sensitivity (flagged excluded)","CCA","stunted","region","Vakinankaratra",274,263,51.9044385176005,4.39059990247787,43.3104844600702,60.3871641208075,604,NA
"Sensitivity (flagged excluded)","CCA (outcome + covariates)","stunted","region","Vakinankaratra",274,263,52.1361396688566,4.51124688419272,43.3021063831875,60.8385559710163,604,NA
"Sensitivity (flagged excluded)","IPW","stunted","region","Vakinankaratra",274,263,51.482201843214,4.33197821599361,43.013591958739,59.8665441949198,604,NA
"Sensitivity (flagged excluded)","MI-PMM","stunted","region","Vakinankaratra",274,263,51.8166672823252,4.35383987195944,43.2955313257614,60.2334317813828,578.707301401202,0.0263447290437278
"Sensitivity (flagged excluded)","MI-RF","stunted","region","Vakinankaratra",274,263,51.5581817953456,4.36436740064673,43.0241703424293,60.0022773569567,577.098957668105,0.0274908138007052
"Sensitivity (flagged excluded)","CCA","stunted","region","Vatovavy Fitovinany",289,261,45.7118833064362,3.74427417240113,38.5027778872595,53.1051857237439,604,NA
"Sensitivity (flagged excluded)","CCA (outcome + covariates)","stunted","region","Vatovavy Fitovinany",289,261,45.7680300171246,3.81549764701252,38.4242911628493,53.3003957588403,604,NA
"Sensitivity (flagged excluded)","IPW","stunted","region","Vatovavy Fitovinany",289,261,46.1225587455065,3.86282113086644,38.6821371171801,53.739849882367,604,NA
"Sensitivity (flagged excluded)","MI-PMM","stunted","region","Vatovavy Fitovinany",289,261,45.4633573422136,3.61533301988416,38.4973059450973,52.6116314647979,470.590322787115,0.0822018030880494
"Sensitivity (flagged excluded)","MI-RF","stunted","region","Vatovavy Fitovinany",289,261,45.5562335534191,3.65117227131344,38.5221933543855,52.7721524077941,503.549347436826,0.0671911301236893
"Sensitivity (flagged excluded)","CCA","stunted","wealth","Middle",1316,1285,40.131079022041,1.84932707539668,36.5592712012218,43.8108629847368,604,NA
"Sensitivity (flagged excluded)","CCA (outcome + covariates)","stunted","wealth","Middle",1316,1285,39.7641767407243,1.84552732208552,36.2017197572885,43.4385089638188,604,NA
"Sensitivity (flagged excluded)","IPW","stunted","wealth","Middle",1316,1285,40.2738624486244,1.86324833742578,36.6748196487348,43.9807960728621,604,NA
"Sensitivity (flagged excluded)","MI-PMM","stunted","wealth","Middle",1316,1285,40.060548708514,1.85136526628091,36.4850480019141,43.745114549471,583.883971586738,0.0224484399276189
"Sensitivity (flagged excluded)","MI-RF","stunted","wealth","Middle",1316,1285,40.110717389886,1.8762175751305,36.4875853623928,43.8452548114104,565.81691722903,0.0349060186233342
"Sensitivity (flagged excluded)","CCA","stunted","wealth","Poorer",1493,1424,43.3974265556176,1.61227726649864,40.2621006295819,46.5865040133183,604,NA
"Sensitivity (flagged excluded)","CCA (outcome + covariates)","stunted","wealth","Poorer",1493,1424,43.2090642134326,1.6188142129807,40.0619655502494,46.4119530822863,604,NA
"Sensitivity (flagged excluded)","IPW","stunted","wealth","Poorer",1493,1424,43.8302452586227,1.64711891559544,40.626052814276,47.0867362888441,604,NA
"Sensitivity (flagged excluded)","MI-PMM","stunted","wealth","Poorer",1493,1424,43.2813468717765,1.61583515050581,40.138859781848,46.4788346255151,534.680305740622,0.0521399168167514
"Sensitivity (flagged excluded)","MI-RF","stunted","wealth","Poorer",1493,1424,43.4474872407345,1.610322110596,40.3151498896093,46.6330446401506,553.948033667712,0.0418836846382004
"Sensitivity (flagged excluded)","CCA","stunted","wealth","Poorest",1827,1749,42.7939026584341,1.55543959457994,39.7702859284699,45.8723167544161,604,NA
"Sensitivity (flagged excluded)","CCA (outcome + covariates)","stunted","wealth","Poorest",1827,1749,42.845479119027,1.57962055829494,39.7751959400812,45.9718508209283,604,NA
"Sensitivity (flagged excluded)","IPW","stunted","wealth","Poorest",1827,1749,42.2334415803256,1.56875347350274,39.1864994211471,45.3406621702467,604,NA
"Sensitivity (flagged excluded)","MI-PMM","stunted","wealth","Poorest",1827,1749,42.759622426275,1.55417460678912,39.7377385614922,45.8365167423755,530.355677863709,0.0543179862142082
"Sensitivity (flagged excluded)","MI-RF","stunted","wealth","Poorest",1827,1749,42.7299249439327,1.5422429995008,39.7316019646699,45.7826321008622,573.587626236615,0.0299058205074364
"Sensitivity (flagged excluded)","CCA","stunted","wealth","Richer",1021,986,39.3541770839253,2.02627429435483,35.4530578138183,43.3959592774081,604,NA
"Sensitivity (flagged excluded)","CCA (outcome + covariates)","stunted","wealth","Richer",1021,986,39.6591303549049,2.00891640621259,35.78857049466,43.6636442822916,604,NA
"Sensitivity (flagged excluded)","IPW","stunted","wealth","Richer",1021,986,39.2224920620801,2.04122984816361,35.2941716662343,43.2954866305408,604,NA
"Sensitivity (flagged excluded)","MI-PMM","stunted","wealth","Richer",1021,986,39.4015131473351,2.04509087311649,35.4635855701056,43.4820964319361,532.381717231158,0.0533021050008001
"Sensitivity (flagged excluded)","MI-RF","stunted","wealth","Richer",1021,986,39.3621094979947,1.99809647761519,35.5135943307049,43.3473375485954,572.332600940036,0.0307430534631771
"Sensitivity (flagged excluded)","CCA","stunted","wealth","Richest",1002,958,29.9857386165925,2.29919968533831,25.6726186990571,34.6853324219918,604,NA
"Sensitivity (flagged excluded)","CCA (outcome + covariates)","stunted","wealth","Richest",1002,958,29.6251989444932,2.30237571666561,25.311095772504,34.3365692975703,604,NA
"Sensitivity (flagged excluded)","IPW","stunted","wealth","Richest",1002,958,30.0405148648709,2.27996041016781,25.7610606345091,34.6986048416022,604,NA
"Sensitivity (flagged excluded)","MI-PMM","stunted","wealth","Richest",1002,958,30.1772170774943,2.27934492844055,25.896453837131,34.8329794794532,556.896281698506,0.0402097334528697
"Sensitivity (flagged excluded)","MI-RF","stunted","wealth","Richest",1002,958,30.0885923159281,2.27018377835361,25.8255822715006,34.7258505240013,573.622941746887,0.0298820751657547
"Main (flagged = missing)","CCA","wasted","National","National",6682,6478,7.68827376779017,0.439018788851667,6.86919422673714,8.59600530759766,604,NA
"Main (flagged = missing)","CCA (outcome + covariates)","wasted","National","National",6682,6478,7.68890530717775,0.446634744422592,6.85635204978909,8.6132053464121,604,NA
"Main (flagged = missing)","IPW","wasted","National","National",6682,6478,7.69210820553698,0.440403589419864,6.87055472295332,8.60282503603404,604,NA
"Main (flagged = missing)","MI-PMM","wasted","National","National",6682,6478,7.7069303197124,0.437374333543741,6.89057163835511,8.61106209973002,574.113359070818,0.0295512450266959
"Main (flagged = missing)","MI-RF","wasted","National","National",6682,6478,7.65953685901468,0.437993940894509,6.84232484390544,8.56537830755816,561.599164516702,0.0374627367348195
"Main (flagged = missing)","CCA","wasted","region","Alaotra Mangoro",258,251,3.74530481556132,1.25501767987722,1.92617201031301,7.15710249694895,604,NA
"Main (flagged = missing)","CCA (outcome + covariates)","wasted","region","Alaotra Mangoro",258,251,3.79504449287465,1.27168850422006,1.95156250869428,7.25113006533217,604,NA
"Main (flagged = missing)","IPW","wasted","region","Alaotra Mangoro",258,251,3.70226781346258,1.24239416632814,1.90234680655823,7.08224847676201,604,NA
"Main (flagged = missing)","MI-PMM","wasted","region","Alaotra Mangoro",258,251,3.79711330819745,1.28162978950492,1.94267035448635,7.29016975932706,515.57437036122,0.0615272581726224
"Main (flagged = missing)","MI-RF","wasted","region","Alaotra Mangoro",258,251,3.75670165230048,1.25401293745191,1.93683772753349,7.16164071743251,576.522438000418,0.0278952086149113
"Main (flagged = missing)","CCA","wasted","region","Amoron'i Mania",287,279,2.62374180601668,0.843998065037019,1.38880026369528,4.90222064089161,604,NA
"Main (flagged = missing)","CCA (outcome + covariates)","wasted","region","Amoron'i Mania",287,279,2.66698728024853,0.866627610509308,1.40243496104357,5.01378381726183,604,NA
"Main (flagged = missing)","IPW","wasted","region","Amoron'i Mania",287,279,2.60242023403144,0.826522973345812,1.38878543435304,4.82473826258736,604,NA
"Main (flagged = missing)","MI-PMM","wasted","region","Amoron'i Mania",287,279,2.67393724341948,0.868790486085488,1.40597409505718,5.02709524865086,544.863707390311,0.0468486651249889
"Main (flagged = missing)","MI-RF","wasted","region","Amoron'i Mania",287,279,2.64919300013583,0.867745965080599,1.385704246776,5.00624906109742,539.345055378266,0.0497469793183014
"Main (flagged = missing)","CCA","wasted","region","Analamanga (excl. Antananarivo)",223,215,5.09315913636209,1.71401652461469,2.60489753911098,9.72103490270627,604,NA
"Main (flagged = missing)","CCA (outcome + covariates)","wasted","region","Analamanga (excl. Antananarivo)",223,215,4.6818378813558,1.69319910784558,2.27836460752443,9.37745870323701,604,NA
"Main (flagged = missing)","IPW","wasted","region","Analamanga (excl. Antananarivo)",223,215,5.32954994988591,1.77357144773413,2.74521457031729,10.0942559955192,604,NA
"Main (flagged = missing)","MI-PMM","wasted","region","Analamanga (excl. Antananarivo)",223,215,5.08811621618582,1.70053717929799,2.61423774312364,9.67057889997345,559.82105655784,0.0385132504943972
"Main (flagged = missing)","MI-RF","wasted","region","Analamanga (excl. Antananarivo)",223,215,5.05189381722269,1.70067680447437,2.58318158355693,9.64629994357038,562.489829723493,0.0369306955426019
"Main (flagged = missing)","CCA","wasted","region","Analanjirofo",294,288,11.2604277594559,2.42242063732413,7.3066655978438,16.9621365626772,604,NA
"Main (flagged = missing)","CCA (outcome + covariates)","wasted","region","Analanjirofo",294,288,11.1067063396931,2.40045237826852,7.19328710272038,16.7645824673605,604,NA
"Main (flagged = missing)","IPW","wasted","region","Analanjirofo",294,288,11.3963960144527,2.46894194814761,7.37090203303786,17.2118405111606,604,NA
"Main (flagged = missing)","MI-PMM","wasted","region","Analanjirofo",294,288,11.1800974920026,2.40227874751827,7.25887899683468,16.8350274794112,598.27769371309,0.00862339055848812
"Main (flagged = missing)","MI-RF","wasted","region","Analanjirofo",294,288,11.1055878077227,2.39261538194226,7.20263116378478,16.7419133010953,600.979207058114,0.00493431081096467
"Main (flagged = missing)","CCA","wasted","region","Androy",476,461,15.1625683859782,2.52677467985785,10.835314385301,20.8145594804781,604,NA
"Main (flagged = missing)","CCA (outcome + covariates)","wasted","region","Androy",476,461,15.577035778385,2.5688383319757,11.1682426655767,21.3087624704844,604,NA
"Main (flagged = missing)","IPW","wasted","region","Androy",476,461,14.9224907169172,2.49485212057867,10.6536039717028,20.5092652641715,604,NA
"Main (flagged = missing)","MI-PMM","wasted","region","Androy",476,461,15.1158746448268,2.50292881978364,10.8256048150182,20.7115097977782,572.802471725344,0.0304310880307029
"Main (flagged = missing)","MI-RF","wasted","region","Androy",476,461,15.1109713535835,2.4897696046933,10.840626975543,20.6734443403784,590.843527905888,0.0165243383287068
"Main (flagged = missing)","CCA","wasted","region","Anosy",333,328,9.90639448752101,1.65740450903168,7.09378996532321,13.6700800572228,604,NA
"Main (flagged = missing)","CCA (outcome + covariates)","wasted","region","Anosy",333,328,10.0766692027848,1.69983490663399,7.19476720915965,13.939544752439,604,NA
"Main (flagged = missing)","IPW","wasted","region","Anosy",333,328,9.87902997107474,1.6506390622775,7.07748498256573,13.6269088920383,604,NA
"Main (flagged = missing)","MI-PMM","wasted","region","Anosy",333,328,9.94451218278318,1.67544088276926,7.10386059697647,13.7529014616917,583.873090680659,0.0224570112094318
"Main (flagged = missing)","MI-RF","wasted","region","Anosy",333,328,9.87905079417722,1.64893825946421,7.07989961567841,13.6226437662245,594.959733471754,0.0124407556461752
"Main (flagged = missing)","CCA","wasted","region","Antananarivo",319,300,3.6988117138093,1.07110444551044,2.08359420053074,6.48325163023462,604,NA
"Main (flagged = missing)","CCA (outcome + covariates)","wasted","region","Antananarivo",319,300,3.80499982145879,1.09586487147672,2.14982658533691,6.64792952869916,604,NA
"Main (flagged = missing)","IPW","wasted","region","Antananarivo",319,300,3.57507393395828,1.0557697852245,1.99133802866293,6.33693515998666,604,NA
"Main (flagged = missing)","MI-PMM","wasted","region","Antananarivo",319,300,3.73142514786962,1.10550084132537,2.07282317870786,6.62736622388658,411.445756300818,0.108879289425015
"Main (flagged = missing)","MI-RF","wasted","region","Antananarivo",319,300,3.70265320347648,1.0901592777242,2.06525929343058,6.55137613572066,518.979518878428,0.0598942245733711
"Main (flagged = missing)","CCA","wasted","region","Atsimo Andrefana",387,370,6.84189448940309,1.67818073630478,4.19541916213402,10.966674687058,604,NA
"Main (flagged = missing)","CCA (outcome + covariates)","wasted","region","Atsimo Andrefana",387,370,6.71976609872307,1.7098288279285,4.04552389534685,10.9598679882843,604,NA
"Main (flagged = missing)","IPW","wasted","region","Atsimo Andrefana",387,370,6.95571748730995,1.69344019497067,4.28035944037267,11.1091848692381,604,NA
"Main (flagged = missing)","MI-PMM","wasted","region","Atsimo Andrefana",387,370,6.86063815787374,1.65288355592537,4.24383692280639,10.9071976093855,580.781979427401,0.0248240643873071
"Main (flagged = missing)","MI-RF","wasted","region","Atsimo Andrefana",387,370,6.81569708332905,1.65147887826185,4.20443408340021,10.8648090481215,572.141106652807,0.0308696951223969
"Main (flagged = missing)","CCA","wasted","region","Atsimo Atsinanana",376,368,12.3560285870724,1.59839728105712,9.54350187098635,15.8521675228527,604,NA
"Main (flagged = missing)","CCA (outcome + covariates)","wasted","region","Atsimo Atsinanana",376,368,12.4943631613778,1.62815518765085,9.63125843620153,16.0573559004797,604,NA
"Main (flagged = missing)","IPW","wasted","region","Atsimo Atsinanana",376,368,12.295749576993,1.58726908747426,9.5023838955903,15.7671989229504,604,NA
"Main (flagged = missing)","MI-PMM","wasted","region","Atsimo Atsinanana",376,368,12.3218982774178,1.61152421698988,9.48974439567124,15.8512620155492,592.393062678332,0.0150525613022821
"Main (flagged = missing)","MI-RF","wasted","region","Atsimo Atsinanana",376,368,12.3955991608855,1.62429841068102,9.54084184381697,15.9538921466846,541.804400495539,0.0484650333999718
"Main (flagged = missing)","CCA","wasted","region","Atsinanana",272,264,8.64600538559685,2.24960936979313,5.13198469371886,14.2058733612175,604,NA
"Main (flagged = missing)","CCA (outcome + covariates)","wasted","region","Atsinanana",272,264,8.61662233841584,2.29651551066051,5.04911964162668,14.3245060647006,604,NA
"Main (flagged = missing)","IPW","wasted","region","Atsinanana",272,264,8.63555221443076,2.22085237762199,5.15746277936782,14.1102347362421,604,NA
"Main (flagged = missing)","MI-PMM","wasted","region","Atsinanana",272,264,8.72902438586726,2.24987836277094,5.20643019800793,14.2760209802233,589.228330131068,0.0179897895676598
"Main (flagged = missing)","MI-RF","wasted","region","Atsinanana",272,264,8.58080385050032,2.2065505364394,5.12529986893523,14.0217130930118,592.108360828646,0.0153282957744817
"Main (flagged = missing)","CCA","wasted","region","Betsiboka",271,262,7.34587976826063,2.03613768409154,4.21988471091733,12.4856762342976,604,NA
"Main (flagged = missing)","CCA (outcome + covariates)","wasted","region","Betsiboka",271,262,6.90452293768839,1.72747745798926,4.19167619931417,11.1684509394967,604,NA
"Main (flagged = missing)","IPW","wasted","region","Betsiboka",271,262,7.51902728145321,2.20980868400088,4.1739398065545,13.1763213192732,604,NA
"Main (flagged = missing)","MI-PMM","wasted","region","Betsiboka",271,262,7.29594444942195,2.00779120175935,4.20824653442179,12.3569178747613,578.417581729728,0.026553197820998
"Main (flagged = missing)","MI-RF","wasted","region","Betsiboka",271,262,7.26907618903744,1.99560960503333,4.1986214331078,12.2967413733572,590.51794285597,0.0168250390229627
"Main (flagged = missing)","CCA","wasted","region","Boeny",221,217,12.4334149459659,2.47996422757993,8.32222847778582,18.1729467491351,604,NA
"Main (flagged = missing)","CCA (outcome + covariates)","wasted","region","Boeny",221,217,12.6739379901896,2.48234373936826,8.54437522509973,18.3978513989755,604,NA
"Main (flagged = missing)","IPW","wasted","region","Boeny",221,217,12.3591870383218,2.47553808359865,8.25883140315314,18.0937888717481,604,NA
"Main (flagged = missing)","MI-PMM","wasted","region","Boeny",221,217,12.3213835368737,2.45630025619753,8.24982153541783,18.007997907849,597.805155710545,0.00920609641748354
"Main (flagged = missing)","MI-RF","wasted","region","Boeny",221,217,12.4472301419265,2.48714381163429,8.32511002825798,18.2050736296496,589.047068868334,0.0181503171637023
"Main (flagged = missing)","CCA","wasted","region","Bongolava",325,314,7.37193168188038,1.42923076869532,5.01176309414105,10.7181507057241,604,NA
"Main (flagged = missing)","CCA (outcome + covariates)","wasted","region","Bongolava",325,314,7.29933957556827,1.50186786466744,4.84532503294631,10.8544620470589,604,NA
"Main (flagged = missing)","IPW","wasted","region","Bongolava",325,314,7.45900532992725,1.41632910165651,5.11156805750559,10.7622094514209,604,NA
"Main (flagged = missing)","MI-PMM","wasted","region","Bongolava",325,314,7.48352803066731,1.42612025747097,5.12093033293486,10.8119243207858,565.437557683124,0.0351399970917764
"Main (flagged = missing)","MI-RF","wasted","region","Bongolava",325,314,7.38412033274878,1.43110614632987,5.02037044207832,10.7350107402644,561.164605873744,0.0377208843345543
"Main (flagged = missing)","CCA","wasted","region","Diana",210,205,7.81859439233806,1.9165190669741,4.79033146788512,12.5096801847838,604,NA
"Main (flagged = missing)","CCA (outcome + covariates)","wasted","region","Diana",210,205,7.86856011817534,1.94078112713229,4.80574572619294,12.624506410211,604,NA
"Main (flagged = missing)","IPW","wasted","region","Diana",210,205,7.78227498133209,1.90532245809809,4.77113674701098,12.4454296302722,604,NA
"Main (flagged = missing)","MI-PMM","wasted","region","Diana",210,205,7.85046056910074,1.90929323704978,4.82807851800826,12.5160384752364,566.326015664626,0.0345906910380979
"Main (flagged = missing)","MI-RF","wasted","region","Diana",210,205,7.77611395355129,1.90019821229637,4.7715893198867,12.4256419976754,567.79248366146,0.0336735807671798
"Main (flagged = missing)","CCA","wasted","region","Haute Matsiatra",259,256,2.40368683996557,1.68428614123032,0.597694284443588,9.16360179590761,604,NA
"Main (flagged = missing)","CCA (outcome + covariates)","wasted","region","Haute Matsiatra",259,256,2.46943003083863,1.7232921693709,0.617294838435178,9.35558882782151,604,NA
"Main (flagged = missing)","IPW","wasted","region","Haute Matsiatra",259,256,2.39520966845218,1.67965330744019,0.594970200594384,9.1416157239926,604,NA
"Main (flagged = missing)","MI-PMM","wasted","region","Haute Matsiatra",259,256,2.39606172426293,1.6725893377506,0.598987980746191,9.09155646292104,600.754441782456,0.00526982955011795
"Main (flagged = missing)","MI-RF","wasted","region","Haute Matsiatra",259,256,2.37994074877338,1.66932454584017,0.59104400314922,9.088242509659,602.009884678748,0.00330573111390068
"Main (flagged = missing)","CCA","wasted","region","Ihorombe",322,318,5.17870884644448,1.52640406976499,2.88070765740581,9.13740202384222,604,NA
"Main (flagged = missing)","CCA (outcome + covariates)","wasted","region","Ihorombe",322,318,5.24220143245055,1.53952886390462,2.92199648904556,9.22960000847032,604,NA
"Main (flagged = missing)","IPW","wasted","region","Ihorombe",322,318,5.1637535934976,1.52297657708733,2.87135935729586,9.11457288148034,604,NA
"Main (flagged = missing)","MI-PMM","wasted","region","Ihorombe",322,318,5.1635891559922,1.52224051114325,2.87200768370879,9.11209136844489,598.732026672857,0.00804814526494362
"Main (flagged = missing)","MI-RF","wasted","region","Ihorombe",322,318,5.16112263814107,1.51844765163001,2.87408096408469,9.09760387359273,599.134594899667,0.0075251040181912
"Main (flagged = missing)","CCA","wasted","region","Itasy",261,257,3.94733395464273,1.12081122678769,2.24797390693045,6.84142003456689,604,NA
"Main (flagged = missing)","CCA (outcome + covariates)","wasted","region","Itasy",261,257,3.97739967365034,1.12325790818654,2.27194192141741,6.87304207892901,604,NA
"Main (flagged = missing)","IPW","wasted","region","Itasy",261,257,3.98172909851698,1.131718736981,2.26615155169629,6.90432477466708,604,NA
"Main (flagged = missing)","MI-PMM","wasted","region","Itasy",261,257,4.07645002991095,1.15913542437712,2.31889178537135,7.06970318197245,544.037827598888,0.0472874982934732
"Main (flagged = missing)","MI-RF","wasted","region","Itasy",261,257,3.99617169003747,1.14991189669128,2.25800638402227,6.97683293123526,533.607612028134,0.0526835972368428
"Main (flagged = missing)","CCA","wasted","region","Melaky",277,270,5.86144079233498,1.90568002046005,3.06309649264846,10.9280594612484,604,NA
"Main (flagged = missing)","CCA (outcome + covariates)","wasted","region","Melaky",277,270,6.03581314171869,1.92580982940184,3.1920590694813,11.1219612817557,604,NA
"Main (flagged = missing)","IPW","wasted","region","Melaky",277,270,5.81100064815955,1.89723167276702,3.0286402595649,10.8631228447684,604,NA
"Main (flagged = missing)","MI-PMM","wasted","region","Melaky",277,270,5.88270632669787,1.88896618297215,3.09908508358358,10.8857199222047,593.766980180055,0.0136845284172627
"Main (flagged = missing)","MI-RF","wasted","region","Melaky",277,270,5.85745420050427,1.88687635996787,3.07954642818488,10.8603881448173,597.146472177763,0.00999417757432121
"Main (flagged = missing)","CCA","wasted","region","Menabe",291,286,6.70138416489661,2.53441930525328,3.13838951568475,13.7358030191849,604,NA
"Main (flagged = missing)","CCA (outcome + covariates)","wasted","region","Menabe",291,286,7.05048047622951,2.86012283811612,3.11868961972852,15.1633301918721,604,NA
"Main (flagged = missing)","IPW","wasted","region","Menabe",291,286,6.64361427139863,2.50741672655535,3.11672018688709,13.6012611990007,604,NA
"Main (flagged = missing)","MI-PMM","wasted","region","Menabe",291,286,6.67009974749022,2.51482759372989,3.1313678580533,13.6446223344033,599.189890177756,0.00745222284392144
"Main (flagged = missing)","MI-RF","wasted","region","Menabe",291,286,6.71608211586684,2.50595973926005,3.17774279137383,13.6392721158628,596.821095462959,0.0103739000943576
"Main (flagged = missing)","CCA","wasted","region","Sava",232,219,9.54183147523474,2.19789080667138,6.01267977900759,14.8158882660322,604,NA
"Main (flagged = missing)","CCA (outcome + covariates)","wasted","region","Sava",232,219,9.71875340547899,2.24197083488528,6.11868350786212,15.0963977422209,604,NA
"Main (flagged = missing)","IPW","wasted","region","Sava",232,219,9.44356172614981,2.15883538074839,5.97254377140715,14.6181923540111,604,NA
"Main (flagged = missing)","MI-PMM","wasted","region","Sava",232,219,9.52243909202703,2.1765758082163,6.02218416465776,14.7380843847453,593.137638251723,0.014319161542979
"Main (flagged = missing)","MI-RF","wasted","region","Sava",232,219,9.45893927393057,2.16385461716575,5.98004663163462,14.6464037938779,584.88074742529,0.0216554435800915
"Main (flagged = missing)","CCA","wasted","region","Sofia",225,218,9.7664108003692,2.25343382314675,6.14775717807302,15.1707510772629,604,NA
"Main (flagged = missing)","CCA (outcome + covariates)","wasted","region","Sofia",225,218,9.9755298648714,2.26700100419586,6.32269884914192,15.3919714041302,604,NA
"Main (flagged = missing)","IPW","wasted","region","Sofia",225,218,9.6078715171986,2.236792351208,6.02345561895767,14.9851676794125,604,NA
"Main (flagged = missing)","MI-PMM","wasted","region","Sofia",225,218,9.68536329359052,2.22128458039689,6.11440033063601,15.0084668548944,583.544509705113,0.0227150067231251
"Main (flagged = missing)","MI-RF","wasted","region","Sofia",225,218,9.70764297333469,2.23532447532497,6.11680206563088,15.0681413686849,582.390199559734,0.0236088921245622
"Main (flagged = missing)","CCA","wasted","region","Vakinankaratra",274,261,4.13516377011902,1.53012972377114,1.98119708784844,8.42953986226151,604,NA
"Main (flagged = missing)","CCA (outcome + covariates)","wasted","region","Vakinankaratra",274,261,4.21791554865443,1.55170913010688,2.02917530389751,8.56120473544711,604,NA
"Main (flagged = missing)","IPW","wasted","region","Vakinankaratra",274,261,4.07351885811183,1.51673924795319,1.94290084526525,8.34184208300805,604,NA
"Main (flagged = missing)","MI-PMM","wasted","region","Vakinankaratra",274,261,4.27517700482433,1.5326481224201,2.09552402858575,8.52458683312235,589.661496662011,0.0176030758078844
"Main (flagged = missing)","MI-RF","wasted","region","Vakinankaratra",274,261,4.21613160713241,1.57038533943149,2.00935825065451,8.63297137973362,538.317745552766,0.0502781619566474
"Main (flagged = missing)","CCA","wasted","region","Vatovavy Fitovinany",289,271,10.1711662571103,1.64782410621942,7.36079112339723,13.8936266879871,604,NA
"Main (flagged = missing)","CCA (outcome + covariates)","wasted","region","Vatovavy Fitovinany",289,271,9.47552637561049,1.80286338815012,6.47862165704433,13.6563152080189,604,NA
"Main (flagged = missing)","IPW","wasted","region","Vatovavy Fitovinany",289,271,10.4634836978623,1.72359053900848,7.52949001428922,14.3631754264382,604,NA
"Main (flagged = missing)","MI-PMM","wasted","region","Vatovavy Fitovinany",289,271,10.3680765234478,1.72275373598319,7.43743873982225,14.275402762599,423.817014889339,0.103225622382785
"Main (flagged = missing)","MI-RF","wasted","region","Vatovavy Fitovinany",289,271,10.0430674086531,1.63561658589297,7.25566099055981,13.7426372316189,552.166348342401,0.042879203613181
"Main (flagged = missing)","CCA","wasted","wealth","Middle",1324,1292,6.89440030005933,0.888481578162408,5.34107347354853,8.85720605149536,604,NA
"Main (flagged = missing)","CCA (outcome + covariates)","wasted","wealth","Middle",1324,1292,6.6559651916439,0.876937823190936,5.12720315329997,8.5992374725743,604,NA
"Main (flagged = missing)","IPW","wasted","wealth","Middle",1324,1292,7.0549475432762,0.927569007124266,5.43674857955065,9.10839665931628,604,NA
"Main (flagged = missing)","MI-PMM","wasted","wealth","Middle",1324,1292,6.95336346198029,0.897859380989468,5.38368463075111,8.9374707429766,562.370450635714,0.0370022403101683
"Main (flagged = missing)","MI-RF","wasted","wealth","Middle",1324,1292,6.84361296923719,0.880047708880188,5.30469296130007,8.78755230857613,593.064090519353,0.0143924241338194
"Main (flagged = missing)","CCA","wasted","wealth","Poorer",1495,1447,7.98703885569368,0.847661470358648,6.47288473150534,9.81820551904674,604,NA
"Main (flagged = missing)","CCA (outcome + covariates)","wasted","wealth","Poorer",1495,1447,8.16016388721865,0.8635929844126,6.61686491391826,10.0247760644008,604,NA
"Main (flagged = missing)","IPW","wasted","wealth","Poorer",1495,1447,7.90465279539842,0.841197817227786,6.40255793719282,9.72254554018577,604,NA
"Main (flagged = missing)","MI-PMM","wasted","wealth","Poorer",1495,1447,8.08975728872039,0.855015692103788,6.56144135087671,9.93619958016389,550.950760949144,0.0435519165618443
"Main (flagged = missing)","MI-RF","wasted","wealth","Poorer",1495,1447,8.01037716197493,0.851882101298414,6.4886988682919,9.85131344046244,555.318864237553,0.041109634458939
"Main (flagged = missing)","CCA","wasted","wealth","Poorest",1832,1783,9.8921303585993,0.939927463090823,8.19337265678496,11.8974532069785,604,NA
"Main (flagged = missing)","CCA (outcome + covariates)","wasted","wealth","Poorest",1832,1783,10.0760690244738,0.976484480956936,8.31383246587469,12.1622875860299,604,NA
"Main (flagged = missing)","IPW","wasted","wealth","Poorest",1832,1783,9.81860228704467,0.928929787250393,8.13924275725292,11.7999523267329,604,NA
"Main (flagged = missing)","MI-PMM","wasted","wealth","Poorest",1832,1783,9.88018993625318,0.936424360841676,8.18729505350887,11.8778413338284,579.139960320465,0.0260316918045029
"Main (flagged = missing)","MI-RF","wasted","wealth","Poorest",1832,1783,9.88071902886495,0.933429888139288,8.19282234173109,11.8713926535031,586.369642470352,0.0204404036598282
"Main (flagged = missing)","CCA","wasted","wealth","Richer",1024,993,5.49792350302852,0.817334190160959,4.09655834058571,7.34197295236982,604,NA
"Main (flagged = missing)","CCA (outcome + covariates)","wasted","wealth","Richer",1024,993,5.53548675607125,0.827543620416218,4.11761555429986,7.40389101373343,604,NA
"Main (flagged = missing)","IPW","wasted","wealth","Richer",1024,993,5.4885380058417,0.81446286024611,4.09177441664947,7.3256804178986,604,NA
"Main (flagged = missing)","MI-PMM","wasted","wealth","Richer",1024,993,5.48940015220153,0.821913878077283,4.08135998255163,7.34600157578133,560.636660229317,0.0380332696046074
"Main (flagged = missing)","MI-RF","wasted","wealth","Richer",1024,993,5.46852758174825,0.823640540721634,4.05862248017756,7.33078912384752,545.778586237067,0.0463603083693197
"Main (flagged = missing)","CCA","wasted","wealth","Richest",1007,963,7.08839297838662,1.08453329991367,5.23222326981503,9.53678659471721,604,NA
"Main (flagged = missing)","CCA (outcome + covariates)","wasted","wealth","Richest",1007,963,6.88968248831647,1.06915050442962,5.06387960154999,9.30923462831944,604,NA
"Main (flagged = missing)","IPW","wasted","wealth","Richest",1007,963,7.1602716924461,1.11467346979498,5.25685939264663,9.68244160075934,604,NA
"Main (flagged = missing)","MI-PMM","wasted","wealth","Richest",1007,963,7.02819121759373,1.07383894615403,5.18988166402817,9.45272838415369,560.476232361793,0.038127929370914
"Main (flagged = missing)","MI-RF","wasted","wealth","Richest",1007,963,7.0064750104835,1.0695624650474,5.17537694766529,9.42106661116537,570.442697651169,0.0319807292415144
"Sensitivity (flagged excluded)","CCA","wasted","National","National",6656,6478,7.68827376779017,0.439018788851667,6.86919422673714,8.59600530759766,604,NA
"Sensitivity (flagged excluded)","CCA (outcome + covariates)","wasted","National","National",6656,6478,7.68890530717775,0.446634744422592,6.85635204978909,8.6132053464121,604,NA
"Sensitivity (flagged excluded)","IPW","wasted","National","National",6656,6478,7.6820711937677,0.438682309152151,6.86362415933194,8.58911295689053,604,NA
"Sensitivity (flagged excluded)","MI-PMM","wasted","National","National",6656,6478,7.68944798984607,0.434101307710548,6.8790265352,8.58654188075956,586.782072787823,0.020096882948167
"Sensitivity (flagged excluded)","MI-RF","wasted","National","National",6656,6478,7.66991682507907,0.435893019774674,6.85641929998291,8.57105215469662,581.041900720703,0.0246299256190203
"Sensitivity (flagged excluded)","CCA","wasted","region","Alaotra Mangoro",258,251,3.74530481556132,1.25501767987722,1.92617201031301,7.15710249694895,604,NA
"Sensitivity (flagged excluded)","CCA (outcome + covariates)","wasted","region","Alaotra Mangoro",258,251,3.79504449287465,1.27168850422006,1.95156250869428,7.25113006533217,604,NA
"Sensitivity (flagged excluded)","IPW","wasted","region","Alaotra Mangoro",258,251,3.69366278700709,1.23722995681437,1.90029827287816,7.05771346164804,604,NA
"Sensitivity (flagged excluded)","MI-PMM","wasted","region","Alaotra Mangoro",258,251,3.77614013103976,1.27080061393668,1.93598836899446,7.23628559346432,537.255143322596,0.0508250401286563
"Sensitivity (flagged excluded)","MI-RF","wasted","region","Alaotra Mangoro",258,251,3.78989826006707,1.26874692212262,1.94996620925053,7.23778267127071,556.824535916019,0.0402508846754154
"Sensitivity (flagged excluded)","CCA","wasted","region","Amoron'i Mania",285,279,2.62374180601668,0.843998065037019,1.38880026369528,4.90222064089161,604,NA
"Sensitivity (flagged excluded)","CCA (outcome + covariates)","wasted","region","Amoron'i Mania",285,279,2.66698728024853,0.866627610509308,1.40243496104357,5.01378381726183,604,NA
"Sensitivity (flagged excluded)","IPW","wasted","region","Amoron'i Mania",285,279,2.59626175550858,0.822364713632249,1.38785221559223,4.80556501699564,604,NA
"Sensitivity (flagged excluded)","MI-PMM","wasted","region","Amoron'i Mania",285,279,2.67675351169825,0.869764674375101,1.40729009133928,5.03289599137096,520.237081517102,0.0592873199098943
"Sensitivity (flagged excluded)","MI-RF","wasted","region","Amoron'i Mania",285,279,2.6368172504874,0.852076247197691,1.39152162000345,4.94071043020646,572.894074118489,0.0303700646113172
"Sensitivity (flagged excluded)","CCA","wasted","region","Analamanga (excl. Antananarivo)",219,215,5.09315913636209,1.71401652461469,2.60489753911098,9.72103490270627,604,NA
"Sensitivity (flagged excluded)","CCA (outcome + covariates)","wasted","region","Analamanga (excl. Antananarivo)",219,215,4.6818378813558,1.69319910784558,2.27836460752443,9.37745870323701,604,NA
"Sensitivity (flagged excluded)","IPW","wasted","region","Analamanga (excl. Antananarivo)",219,215,5.3191244432449,1.76954020109087,2.7404846291747,10.0728284109823,604,NA
"Sensitivity (flagged excluded)","MI-PMM","wasted","region","Analamanga (excl. Antananarivo)",219,215,5.03162433373805,1.69721951409775,2.56967516497322,9.61943116672997,597.401028679177,0.00969278738684142
"Sensitivity (flagged excluded)","MI-RF","wasted","region","Analamanga (excl. Antananarivo)",219,215,5.10741091686065,1.71362177985118,2.6173448684983,9.72976280715386,583.70143558816,0.0225919934171009
"Sensitivity (flagged excluded)","CCA","wasted","region","Analanjirofo",293,288,11.2604277594559,2.42242063732413,7.3066655978438,16.9621365626772,604,NA
"Sensitivity (flagged excluded)","CCA (outcome + covariates)","wasted","region","Analanjirofo",293,288,11.1067063396931,2.40045237826852,7.19328710272038,16.7645824673605,604,NA
"Sensitivity (flagged excluded)","IPW","wasted","region","Analanjirofo",293,288,11.3204665699157,2.45353344696876,7.32098487023893,17.101703121906,604,NA
"Sensitivity (flagged excluded)","MI-PMM","wasted","region","Analanjirofo",293,288,11.2419881312252,2.41004281307079,7.30595288924556,16.9116578626262,595.91991327407,0.0113956528934814
"Sensitivity (flagged excluded)","MI-RF","wasted","region","Analanjirofo",293,288,11.1375608373689,2.4092640181029,7.21016607282228,16.8165137302684,601.10744380007,0.00473999724351049
"Sensitivity (flagged excluded)","CCA","wasted","region","Androy",474,461,15.1625683859782,2.52677467985785,10.835314385301,20.8145594804781,604,NA
"Sensitivity (flagged excluded)","CCA (outcome + covariates)","wasted","region","Androy",474,461,15.577035778385,2.5688383319757,11.1682426655767,21.3087624704844,604,NA
"Sensitivity (flagged excluded)","IPW","wasted","region","Androy",474,461,14.8650048440479,2.48337715978715,10.6157285602286,20.4264880423372,604,NA
"Sensitivity (flagged excluded)","MI-PMM","wasted","region","Androy",474,461,15.0970815031415,2.4939370919919,10.8211173317686,20.6710443416498,583.391199196902,0.0228348333712791
"Sensitivity (flagged excluded)","MI-RF","wasted","region","Androy",474,461,15.1329820903202,2.5149541981582,10.8243133398149,20.7575144126162,584.753084059855,0.0217578873315298
"Sensitivity (flagged excluded)","CCA","wasted","region","Anosy",332,328,9.90639448752101,1.65740450903168,7.09378996532321,13.6700800572228,604,NA
"Sensitivity (flagged excluded)","CCA (outcome + covariates)","wasted","region","Anosy",332,328,10.0766692027848,1.69983490663399,7.19476720915965,13.939544752439,604,NA
"Sensitivity (flagged excluded)","IPW","wasted","region","Anosy",332,328,9.87687373100962,1.65167296543772,7.07392722725803,13.6275759279562,604,NA
"Sensitivity (flagged excluded)","MI-PMM","wasted","region","Anosy",332,328,9.84737410683604,1.62768337160522,7.08055098085668,13.5378504648801,596.416350946153,0.0108380405217236
"Sensitivity (flagged excluded)","MI-RF","wasted","region","Anosy",332,328,9.83676772069495,1.63954376270055,7.0531991531889,13.55863052163,598.621865571829,0.0081890418446447
"Sensitivity (flagged excluded)","CCA","wasted","region","Antananarivo",318,300,3.6988117138093,1.07110444551044,2.08359420053074,6.48325163023462,604,NA
"Sensitivity (flagged excluded)","CCA (outcome + covariates)","wasted","region","Antananarivo",318,300,3.80499982145879,1.09586487147672,2.14982658533691,6.64792952869916,604,NA
"Sensitivity (flagged excluded)","IPW","wasted","region","Antananarivo",318,300,3.53381564559631,1.0480644505605,1.96350719190674,6.27953223937621,604,NA
"Sensitivity (flagged excluded)","MI-PMM","wasted","region","Antananarivo",318,300,3.76740843477203,1.07725747602533,2.13725571903893,6.5576142925878,548.648875952107,0.0448121724264436
"Sensitivity (flagged excluded)","MI-RF","wasted","region","Antananarivo",318,300,3.77019650118231,1.09976448275117,2.11415221361257,6.63550785725792,509.005567102071,0.0646392486461918
"Sensitivity (flagged excluded)","CCA","wasted","region","Atsimo Andrefana",387,370,6.84189448940309,1.67818073630478,4.19541916213402,10.966674687058,604,NA
"Sensitivity (flagged excluded)","CCA (outcome + covariates)","wasted","region","Atsimo Andrefana",387,370,6.71976609872307,1.7098288279285,4.04552389534685,10.9598679882843,604,NA
"Sensitivity (flagged excluded)","IPW","wasted","region","Atsimo Andrefana",387,370,6.9283999251859,1.6786303533511,4.27383786066447,11.0415795217992,604,NA
"Sensitivity (flagged excluded)","MI-PMM","wasted","region","Atsimo Andrefana",387,370,6.93854790709665,1.66549536878296,4.29872288764576,11.0129265040147,507.317261584965,0.0654318164409269
"Sensitivity (flagged excluded)","MI-RF","wasted","region","Atsimo Andrefana",387,370,6.73560855558066,1.63933713190721,4.146473649006,10.7599653653521,585.951025843759,0.0207859104276392
"Sensitivity (flagged excluded)","CCA","wasted","region","Atsimo Atsinanana",375,368,12.3560285870724,1.59839728105712,9.54350187098635,15.8521675228527,604,NA
"Sensitivity (flagged excluded)","CCA (outcome + covariates)","wasted","region","Atsimo Atsinanana",375,368,12.4943631613778,1.62815518765085,9.63125843620153,16.0573559004797,604,NA
"Sensitivity (flagged excluded)","IPW","wasted","region","Atsimo Atsinanana",375,368,12.3160041630146,1.59146276306364,9.51548868579652,15.7968494112711,604,NA
"Sensitivity (flagged excluded)","MI-PMM","wasted","region","Atsimo Atsinanana",375,368,12.3170565465894,1.58892737373121,9.52044835193658,15.7917821600097,600.021307646655,0.00632332970033066
"Sensitivity (flagged excluded)","MI-RF","wasted","region","Atsimo Atsinanana",375,368,12.3451116486692,1.5961123889044,9.5363869105769,15.8362670983963,593.324610222509,0.0141320776591938
"Sensitivity (flagged excluded)","CCA","wasted","region","Atsinanana",271,264,8.64600538559685,2.24960936979313,5.13198469371886,14.2058733612175,604,NA
"Sensitivity (flagged excluded)","CCA (outcome + covariates)","wasted","region","Atsinanana",271,264,8.61662233841584,2.29651551066051,5.04911964162668,14.3245060647006,604,NA
"Sensitivity (flagged excluded)","IPW","wasted","region","Atsinanana",271,264,8.57138481716354,2.20525347869899,5.11847673158063,14.0096791104375,604,NA
"Sensitivity (flagged excluded)","MI-PMM","wasted","region","Atsinanana",271,264,8.6299605559946,2.22316380651392,5.14949536376729,14.1128063817822,592.756944114311,0.014696413642068
"Sensitivity (flagged excluded)","MI-RF","wasted","region","Atsinanana",271,264,8.58430054412311,2.22448437831527,5.10665784962217,14.0788538090993,591.275626306041,0.0161208540250653
"Sensitivity (flagged excluded)","CCA","wasted","region","Betsiboka",271,262,7.34587976826063,2.03613768409154,4.21988471091733,12.4856762342976,604,NA
"Sensitivity (flagged excluded)","CCA (outcome + covariates)","wasted","region","Betsiboka",271,262,6.90452293768839,1.72747745798926,4.19167619931417,11.1684509394967,604,NA
"Sensitivity (flagged excluded)","IPW","wasted","region","Betsiboka",271,262,7.70695016161554,2.32670221606555,4.20776235169921,13.699903336274,604,NA
"Sensitivity (flagged excluded)","MI-PMM","wasted","region","Betsiboka",271,262,7.43903595786153,2.09218074528329,4.23639099914733,12.7407123029222,476.657417267598,0.0794727731635665
"Sensitivity (flagged excluded)","MI-RF","wasted","region","Betsiboka",271,262,7.44002172869678,2.02584704697195,4.31571107197123,12.529955768342,567.659762436055,0.0337571349381188
"Sensitivity (flagged excluded)","CCA","wasted","region","Boeny",221,217,12.4334149459659,2.47996422757993,8.32222847778582,18.1729467491351,604,NA
"Sensitivity (flagged excluded)","CCA (outcome + covariates)","wasted","region","Boeny",221,217,12.6739379901896,2.48234373936826,8.54437522509973,18.3978513989755,604,NA
"Sensitivity (flagged excluded)","IPW","wasted","region","Boeny",221,217,12.3611626062095,2.47469468887466,8.26183902445318,18.0933125952212,604,NA
"Sensitivity (flagged excluded)","MI-PMM","wasted","region","Boeny",221,217,12.3218044542307,2.4601385950841,8.24495573213977,18.0186450705688,599.572726138206,0.0069403506595637
"Sensitivity (flagged excluded)","MI-RF","wasted","region","Boeny",221,217,12.4086348933134,2.47303362791511,8.30849764141993,18.1320164422701,598.113083675366,0.0088281151726605
"Sensitivity (flagged excluded)","CCA","wasted","region","Bongolava",323,314,7.37193168188038,1.42923076869532,5.01176309414105,10.7181507057241,604,NA
"Sensitivity (flagged excluded)","CCA (outcome + covariates)","wasted","region","Bongolava",323,314,7.29933957556827,1.50186786466744,4.84532503294631,10.8544620470589,604,NA
"Sensitivity (flagged excluded)","IPW","wasted","region","Bongolava",323,314,7.54233632547389,1.42734520753164,5.17499768611863,10.868505945245,604,NA
"Sensitivity (flagged excluded)","MI-PMM","wasted","region","Bongolava",323,314,7.43802554047608,1.43091733942236,5.07143855454252,10.7835283796057,566.111905764029,0.0347234947744568
"Sensitivity (flagged excluded)","MI-RF","wasted","region","Bongolava",323,314,7.35465113443944,1.4297686765072,4.99456202232907,10.7043052726581,575.010064056097,0.0289409781238003
"Sensitivity (flagged excluded)","CCA","wasted","region","Diana",209,205,7.81859439233806,1.9165190669741,4.79033146788512,12.5096801847838,604,NA
"Sensitivity (flagged excluded)","CCA (outcome + covariates)","wasted","region","Diana",209,205,7.86856011817534,1.94078112713229,4.80574572619294,12.624506410211,604,NA
"Sensitivity (flagged excluded)","IPW","wasted","region","Diana",209,205,7.80189213249732,1.91107462579948,4.78187176383178,12.4792531817282,604,NA
"Sensitivity (flagged excluded)","MI-PMM","wasted","region","Diana",209,205,7.80469724822736,1.91259195694845,4.78239573309638,12.4865152019606,585.908307921741,0.0208209924224192
"Sensitivity (flagged excluded)","MI-RF","wasted","region","Diana",209,205,7.75627070593519,1.91278662640915,4.73796884261038,12.4461516386956,578.835910084051,0.0262518945591889
"Sensitivity (flagged excluded)","CCA","wasted","region","Haute Matsiatra",258,256,2.40368683996557,1.68428614123032,0.597694284443588,9.16360179590761,604,NA
"Sensitivity (flagged excluded)","CCA (outcome + covariates)","wasted","region","Haute Matsiatra",258,256,2.46943003083863,1.7232921693709,0.617294838435178,9.35558882782151,604,NA
"Sensitivity (flagged excluded)","IPW","wasted","region","Haute Matsiatra",258,256,2.39680481525074,1.68033232559573,0.595578541164125,9.14440789887039,604,NA
"Sensitivity (flagged excluded)","MI-PMM","wasted","region","Haute Matsiatra",258,256,2.40623703915171,1.67852945372042,0.602071913474445,9.12067049394422,600.415196472282,0.0057647390021395
"Sensitivity (flagged excluded)","MI-RF","wasted","region","Haute Matsiatra",258,256,2.40045244065781,1.6765809732401,0.599606547852644,9.11400582330637,601.300282315026,0.00444364570035585
"Sensitivity (flagged excluded)","CCA","wasted","region","Ihorombe",321,318,5.17870884644448,1.52640406976499,2.88070765740581,9.13740202384222,604,NA
"Sensitivity (flagged excluded)","CCA (outcome + covariates)","wasted","region","Ihorombe",321,318,5.24220143245055,1.53952886390462,2.92199648904556,9.22960000847032,604,NA
"Sensitivity (flagged excluded)","IPW","wasted","region","Ihorombe",321,318,5.16406777297499,1.52173232269296,2.87302828627548,9.1106807440165,604,NA
"Sensitivity (flagged excluded)","MI-PMM","wasted","region","Ihorombe",321,318,5.14968200564292,1.52041177517309,2.86180940313738,9.09533530319288,601.157021655621,0.00466429036022199
"Sensitivity (flagged excluded)","MI-RF","wasted","region","Ihorombe",321,318,5.16648403966547,1.5229550279603,2.87376499831324,9.11666578971388,599.574981089193,0.00693729680559147
"Sensitivity (flagged excluded)","CCA","wasted","region","Itasy",260,257,3.94733395464273,1.12081122678769,2.24797390693045,6.84142003456689,604,NA
"Sensitivity (flagged excluded)","CCA (outcome + covariates)","wasted","region","Itasy",260,257,3.97739967365034,1.12325790818654,2.27194192141741,6.87304207892901,604,NA
"Sensitivity (flagged excluded)","IPW","wasted","region","Itasy",260,257,3.98159074587742,1.1327795749324,2.2648219430994,6.90772013888729,604,NA
"Sensitivity (flagged excluded)","MI-PMM","wasted","region","Itasy",260,257,3.99761912713256,1.13577919902623,2.27553211191526,6.93052940659052,575.159649917172,0.028838482967197
"Sensitivity (flagged excluded)","MI-RF","wasted","region","Itasy",260,257,4.07230420427729,1.16889168609669,2.30386532147679,7.09954527754743,498.163094877269,0.0696856221921901
"Sensitivity (flagged excluded)","CCA","wasted","region","Melaky",275,270,5.86144079233498,1.90568002046005,3.06309649264846,10.9280594612484,604,NA
"Sensitivity (flagged excluded)","CCA (outcome + covariates)","wasted","region","Melaky",275,270,6.03581314171869,1.92580982940184,3.1920590694813,11.1219612817557,604,NA
"Sensitivity (flagged excluded)","IPW","wasted","region","Melaky",275,270,5.81990715033786,1.89912625754858,3.03429826128527,10.8759828405209,604,NA
"Sensitivity (flagged excluded)","MI-PMM","wasted","region","Melaky",275,270,5.90000800679037,1.89109767681496,3.11176602906491,10.9053981267942,596.225854315885,0.011053488183901
"Sensitivity (flagged excluded)","MI-RF","wasted","region","Melaky",275,270,5.88188280100499,1.89530065689251,3.09166664097384,10.9068435251644,598.471553028026,0.00837981019414059
"Sensitivity (flagged excluded)","CCA","wasted","region","Menabe",290,286,6.70138416489661,2.53441930525328,3.13838951568475,13.7358030191849,604,NA
"Sensitivity (flagged excluded)","CCA (outcome + covariates)","wasted","region","Menabe",290,286,7.05048047622951,2.86012283811612,3.11868961972852,15.1633301918721,604,NA
"Sensitivity (flagged excluded)","IPW","wasted","region","Menabe",290,286,6.6386422612462,2.51308108484042,3.10722531940253,13.619429837812,604,NA
"Sensitivity (flagged excluded)","MI-PMM","wasted","region","Menabe",290,286,6.67690218477766,2.51738590728107,3.13451890017028,13.6581324465176,599.902513457514,0.00648863693582449
"Sensitivity (flagged excluded)","MI-RF","wasted","region","Menabe",290,286,6.7795303186757,2.50715244346637,3.22900963417107,13.6821160898899,596.488261031402,0.0107562201501217
"Sensitivity (flagged excluded)","CCA","wasted","region","Sava",232,219,9.54183147523474,2.19789080667138,6.01267977900759,14.8158882660322,604,NA
"Sensitivity (flagged excluded)","CCA (outcome + covariates)","wasted","region","Sava",232,219,9.71875340547899,2.24197083488528,6.11868350786212,15.0963977422209,604,NA
"Sensitivity (flagged excluded)","IPW","wasted","region","Sava",232,219,9.45693766119144,2.14216178733974,6.00641502025686,14.5821685305908,604,NA
"Sensitivity (flagged excluded)","MI-PMM","wasted","region","Sava",232,219,9.61262043978309,2.17649656353129,6.10514928018499,14.817178306507,570.687824339152,0.0318216943295928
"Sensitivity (flagged excluded)","MI-RF","wasted","region","Sava",232,219,9.51154140773937,2.14750073610705,6.0496524926913,14.6456613899433,583.098765960089,0.0230624444067991
"Sensitivity (flagged excluded)","CCA","wasted","region","Sofia",224,218,9.7664108003692,2.25343382314675,6.14775717807302,15.1707510772629,604,NA
"Sensitivity (flagged excluded)","CCA (outcome + covariates)","wasted","region","Sofia",224,218,9.9755298648714,2.26700100419586,6.32269884914192,15.3919714041302,604,NA
"Sensitivity (flagged excluded)","IPW","wasted","region","Sofia",224,218,9.63201589311726,2.23607277269846,6.04654945386845,15.0040513930993,604,NA
"Sensitivity (flagged excluded)","MI-PMM","wasted","region","Sofia",224,218,9.74970633254475,2.24371727993948,6.14473626663649,15.1287133670724,587.589415289345,0.0194150753045528
"Sensitivity (flagged excluded)","MI-RF","wasted","region","Sofia",224,218,9.78509112508389,2.24034015829571,6.18161568991846,15.1499491213966,584.923430223683,0.0216211335860351
"Sensitivity (flagged excluded)","CCA","wasted","region","Vakinankaratra",272,261,4.13516377011902,1.53012972377114,1.98119708784844,8.42953986226151,604,NA
"Sensitivity (flagged excluded)","CCA (outcome + covariates)","wasted","region","Vakinankaratra",272,261,4.21791554865443,1.55170913010688,2.02917530389751,8.56120473544711,604,NA
"Sensitivity (flagged excluded)","IPW","wasted","region","Vakinankaratra",272,261,4.09447805907674,1.51936019535327,1.95777102944531,8.36423380499801,604,NA
"Sensitivity (flagged excluded)","MI-PMM","wasted","region","Vakinankaratra",272,261,4.09466399387491,1.50831317711491,1.96842579511343,8.32262093638372,577.759307035619,0.0270235241178655
"Sensitivity (flagged excluded)","MI-RF","wasted","region","Vakinankaratra",272,261,4.18818028490647,1.50987242864357,2.04491961538671,8.38547410182794,572.783227304466,0.0304438996577795
"Sensitivity (flagged excluded)","CCA","wasted","region","Vatovavy Fitovinany",288,271,10.1711662571103,1.64782410621942,7.36079112339723,13.8936266879871,604,NA
"Sensitivity (flagged excluded)","CCA (outcome + covariates)","wasted","region","Vatovavy Fitovinany",288,271,9.47552637561049,1.80286338815012,6.47862165704433,13.6563152080189,604,NA
"Sensitivity (flagged excluded)","IPW","wasted","region","Vatovavy Fitovinany",288,271,10.3190014309536,1.6982187031392,7.4284572559445,14.162233657999,604,NA
"Sensitivity (flagged excluded)","MI-PMM","wasted","region","Vatovavy Fitovinany",288,271,10.1561810250995,1.68555060132725,7.29037512329503,13.9786618931855,502.16956072264,0.0678323114887187
"Sensitivity (flagged excluded)","MI-RF","wasted","region","Vatovavy Fitovinany",288,271,9.99961445778938,1.64543133484605,7.19957036988591,13.7275574995867,531.142937116483,0.0539241594974772
"Sensitivity (flagged excluded)","CCA","wasted","wealth","Middle",1312,1292,6.89440030005933,0.888481578162408,5.34107347354853,8.85720605149536,604,NA
"Sensitivity (flagged excluded)","CCA (outcome + covariates)","wasted","wealth","Middle",1312,1292,6.6559651916439,0.876937823190936,5.12720315329997,8.5992374725743,604,NA
"Sensitivity (flagged excluded)","IPW","wasted","wealth","Middle",1312,1292,7.05252073514472,0.923980660454241,5.43991929994165,9.097169648438,604,NA
"Sensitivity (flagged excluded)","MI-PMM","wasted","wealth","Middle",1312,1292,6.9033544961512,0.888471540877379,5.34971571062336,8.86592949556866,587.226901104467,0.0197227890041414
"Sensitivity (flagged excluded)","MI-RF","wasted","wealth","Middle",1312,1292,6.87252315791978,0.884384369095196,5.32605963922257,8.82615312719797,586.367257054029,0.0204423814129152
"Sensitivity (flagged excluded)","CCA","wasted","wealth","Poorer",1490,1447,7.98703885569368,0.847661470358648,6.47288473150534,9.81820551904674,604,NA
"Sensitivity (flagged excluded)","CCA (outcome + covariates)","wasted","wealth","Poorer",1490,1447,8.16016388721865,0.8635929844126,6.61686491391826,10.0247760644008,604,NA
"Sensitivity (flagged excluded)","IPW","wasted","wealth","Poorer",1490,1447,7.89145603377267,0.839903713452985,6.39171114305564,9.70660985625435,604,NA
"Sensitivity (flagged excluded)","MI-PMM","wasted","wealth","Poorer",1490,1447,7.98962778072158,0.838484606235806,6.49021228952686,9.79914820368811,588.044283645448,0.0190252288186664
"Sensitivity (flagged excluded)","MI-RF","wasted","wealth","Poorer",1490,1447,7.94934392541705,0.837979866917348,6.45152925371465,9.75862284294667,590.66665219367,0.0166880428660716
"Sensitivity (flagged excluded)","CCA","wasted","wealth","Poorest",1829,1783,9.8921303585993,0.939927463090823,8.19337265678496,11.8974532069785,604,NA
"Sensitivity (flagged excluded)","CCA (outcome + covariates)","wasted","wealth","Poorest",1829,1783,10.0760690244738,0.976484480956936,8.31383246587469,12.1622875860299,604,NA
"Sensitivity (flagged excluded)","IPW","wasted","wealth","Poorest",1829,1783,9.81266084875785,0.927057183714239,8.13650074183068,11.7898027486731,604,NA
"Sensitivity (flagged excluded)","MI-PMM","wasted","wealth","Poorest",1829,1783,9.89548962848812,0.932335671757162,8.20916692358203,11.8833699622814,584.606065138471,0.0218755373016037
"Sensitivity (flagged excluded)","MI-RF","wasted","wealth","Poorest",1829,1783,9.88359215757827,0.933232099569423,8.19596974054345,11.8737663628713,584.792748626601,0.0217260866880956
"Sensitivity (flagged excluded)","CCA","wasted","wealth","Richer",1021,993,5.49792350302852,0.817334190160959,4.09655834058571,7.34197295236982,604,NA
"Sensitivity (flagged excluded)","CCA (outcome + covariates)","wasted","wealth","Richer",1021,993,5.53548675607125,0.827543620416218,4.11761555429986,7.40389101373343,604,NA
"Sensitivity (flagged excluded)","IPW","wasted","wealth","Richer",1021,993,5.48346950216861,0.810708762867901,4.09246726977344,7.3112221807148,604,NA
"Sensitivity (flagged excluded)","MI-PMM","wasted","wealth","Richer",1021,993,5.52606898561401,0.814348702693531,4.12803962591574,7.36121075624475,580.073413202816,0.0253490893211926
"Sensitivity (flagged excluded)","MI-RF","wasted","wealth","Richer",1021,993,5.49150867994801,0.815583698127736,4.09285588276466,7.33158586464977,576.126909781058,0.0281707779131047
"Sensitivity (flagged excluded)","CCA","wasted","wealth","Richest",1004,963,7.08839297838662,1.08453329991367,5.23222326981503,9.53678659471721,604,NA
"Sensitivity (flagged excluded)","CCA (outcome + covariates)","wasted","wealth","Richest",1004,963,6.88968248831647,1.06915050442962,5.06387960154999,9.30923462831944,604,NA
"Sensitivity (flagged excluded)","IPW","wasted","wealth","Richest",1004,963,7.11875871278263,1.10483571160216,5.23145765062241,9.6178235712795,604,NA
"Sensitivity (flagged excluded)","MI-PMM","wasted","wealth","Richest",1004,963,7.04905682411978,1.07190137005878,5.21286225186657,9.46743647001639,566.669259225372,0.0343772164284243
"Sensitivity (flagged excluded)","MI-RF","wasted","wealth","Richest",1004,963,7.07811894632385,1.08256063456569,5.22495377497355,9.52251766728073,551.795409871138,0.0430850285047137
